Data:,0.0
Data:,0.001
Data:,0.0
Data:,0.001
Data:,0.0
Data:,0.0
Data:,0.0
Data:,0.001
Data:,0.001
Data:,0.001
Data:,0.001
Data:,0.0
Data:,0.0
Data:,0.0
Data:,0.0
Data:,0.002
Data:,0.002
Data:,0.0
Data:,0.0
Data:,0.001
Data:,0.001
Data:,0.0
Data:,0.0
Data:,0.0
Data:,0.0
Data:,0.0
Data:,0.001
Data:,0.001
Data:,0.0
Data:,0.0
Data:,0.0
Data:,0.0
Data:,0.0
Data:,0.0
Data:,0.0
Data:,0.0
Data:,0.0
Data:,0.0
Data:,0.0
Data:,0.0
Data:,0.0
Data:,0.0
Data:,0.0
Data:,0.0
Data:,0.0
Data:,0.0
Data:,0.0
Data:,0.0
Data:,0.0
Data:,0.0
Data:,0.0
Data:,0.0
Data:,0.0
Data:,0.0
Data:,0.0
Data:,0.0
Data:,0.0
Data:,0.0
Data:,0.0
Data:,0.0
Data:,0.0
Data:,0.0
Data:,0.0
Data:,0.003
Data:,0.003
Data:,0.0
Data:,0.0
Data:,0.0
Data:,0.0
Data:,0.0
Data:,0.0
Data:,0.0
Data:,0.0
Data:,0.0
Data:,0.0
Data:,0.0
Data:,0.0
Data:,0.0
Data:,0.0
Data:,0.0
Data:,0.0
Data:,0.0
Data:,0.0
Data:,0.0
Data:,0.0
Data:,0.0
Data:,0.0
Data:,0.0
Data:,0.0
Data:,0.0
Data:,0.0
Data:,0.0
Data:,0.0
Data:,0.0
Data:,0.0
Data:,0.0
Data:,0.0
Data:,0.0
Data:,0.0
Data:,0.0
Data:,0.0
Data:,0.0
Data:,0.0
Data:,0.0
Data:,0.0
Data:,0.0
Data:,0.0
Data:,0.0
Data:,0.0
Data:,0.0
Data:,0.0
Data:,0.0
Data:,0.0
Data:,0.0
Data:,0.0
Data:,0.0
Data:,0.0
Data:,0.0
Data:,0.0
Data:,0.0
Data:,0.0
Data:,0.0
Data:,0.0
Data:,0.0
Data:,0.0
Data:,0.0
Data:,0.0
Data:,0.0
Data:,0.0
Data:,0.0
Data:,0.0
Data:,0.0
Data:,0.0
Data:,0.0
Data:,0.0
Data:,0.0
Data:,0.0
Data:,0.0
Data:,0.001
Data:,0.001
Data:,0.0
Data:,0.0
Data:,0.0
Data:,0.0
Data:,0.0
Data:,0.0
Data:,0.0
Data:,0.0
Data:,0.0
Data:,0.0
Data:,0.0
Data:,0.0
Data:,0.0
Data:,0.0
Data:,0.0
Data:,0.0
Data:,0.0
Data:,0.0
Data:,0.0
Data:,0.0
Data:,0.0
Data:,0.0
Data:,0.0
Data:,0.0
Data:,0.0
Data:,0.0
Data:,0.0
Data:,0.0
Data:,0.0
Data:,0.0
Data:,0.0
Data:,0.0
Data:,0.0
Data:,0.0
Data:,0.0
Data:,0.0
Data:,0.0
Data:,0.0
Data:,0.0
Data:,0.0
Data:,0.0
Data:,0.0
Data:,0.0
Data:,0.001
Data:,0.001
Data:,0.0
Data:,0.0
Data:,0.0
Data:,0.0
Data:,0.0
Data:,0.0
Data:,0.0
Data:,0.0
Data:,0.0
Data:,0.0
Data:,0.0
Data:,0.0
Data:,0.0
Data:,0.0
Data:,0.0
Data:,0.0
Data:,0.0
Data:,0.0
Data:,0.0
Data:,0.0
Data:,0.0
Data:,0.0
Data:,0.0
Data:,0.0
Data:,0.0
Data:,0.0
Data:,0.0
Data:,0.0
Data:,0.0
Data:,0.0
Data:,0.0
Data:,0.0
Data:,0.0
Data:,0.0
Data:,0.0
Data:,0.0
Data:,0.0
Data:,0.0
Data:,0.0
Data:,0.0
Data:,0.0
Data:,0.0
Data:,0.0
Data:,0.0
Data:,0.0
Data:,0.0
Data:,0.0
Data:,0.0
Data:,0.0
Data:,0.0
Data:,0.0
Data:,0.0
Data:,0.0
Data:,0.0
Data:,0.0
Data:,0.0
Data:,0.003
Data:,0.003
Data:,0.0
Data:,0.0
Data:,0.0
Data:,0.0
Data:,0.0
Data:,0.0
Data:,0.0
Data:,0.0
Data:,0.0
Data:,0.0
Data:,0.0
Data:,0.0
Data:,0.0
Data:,0.0
Data:,0.0
Data:,0.001
Data:,0.001
Data:,0.0
Data:,0.0
Data:,0.0
Data:,0.0
Data:,0.0
Data:,0.0
Data:,0.0
Data:,0.0
Data:,0.0
Data:,0.0
Data:,0.0
Data:,0.0
Data:,0.0
Data:,0.0
Data:,0.0
Data:,0.0
Data:,0.0
Data:,0.0
Data:,0.0
Data:,0.0
Data:,0.0
Data:,0.0
Data:,0.0
Data:,0.0
Data:,0.0
Data:,0.0
Data:,0.0
Data:,0.0
Data:,0.0
Data:,0.0
Data:,0.0
Data:,0.0
Data:,0.0
Data:,0.0
Data:,0.0
Data:,0.0
Data:,0.0
Data:,0.0
Data:,0.0
Data:,0.0
Data:,0.0
Data:,0.0
Data:,0.0
Data:,0.0
Data:,0.0
Data:,0.0
Data:,0.0
Data:,0.0
Data:,0.0
Data:,0.0
Data:,0.0
Data:,0.0
Data:,0.0
Data:,0.0
Data:,0.0
Data:,0.0
Data:,0.0
Data:,0.0
Data:,0.0
Data:,0.0
Data:,0.0
Data:,0.0
Data:,0.0
Data:,0.0
Data:,0.0
Data:,0.0
Data:,0.0
Data:,0.0
Data:,0.0
Data:,0.0
Data:,0.0
Data:,0.0
Data:,0.0
Data:,0.0
Data:,0.0
Data:,0.0
Data:,0.0
Data:,0.0
Data:,0.0
Data:,0.0
Data:,0.0
Data:,0.001
Data:,0.001
Data:,0.0
Data:,0.0
Data:,0.0
Data:,0.0
Data:,0.0
Data:,0.0
Data:,0.0
Data:,0.0
Data:,0.0
Data:,0.0
Data:,0.0
Data:,0.0
Data:,0.0
Data:,0.0
Data:,0.0
Data:,0.0
Data:,0.0
Data:,0.0
Data:,0.0
Data:,0.0
Data:,0.0
Data:,0.0
Data:,0.0
Data:,0.0
Data:,0.0
Data:,0.0
Data:,0.0
Data:,0.0
Data:,0.0
Data:,0.0
Data:,0.0
Data:,0.0
Data:,0.0
Data:,0.0
Data:,0.0
Data:,0.001
Data:,0.001
Data:,0.0
Data:,0.0
Data:,0.0
Data:,0.0
Data:,0.0
Data:,0.0
Data:,0.0
Data:,0.0
Data:,0.0
Data:,0.0
Data:,0.0
Data:,0.0
Data:,0.0
Data:,0.0
Data:,0.0
Data:,0.0
Data:,0.0
Data:,0.0
Data:,0.0
Data:,0.0
Data:,0.0
Data:,0.0
Data:,0.0
Data:,0.0
Data:,0.0
Data:,0.0
Data:,0.0
Data:,0.0
Data:,0.0
Data:,0.0
Data:,0.0
Data:,0.0
Data:,0.0
Data:,0.0
Data:,0.0
Data:,0.0
Data:,0.0
Data:,0.0
Data:,0.0
Data:,0.003
Data:,0.003
Data:,0.0
Data:,0.0
Data:,0.0
Data:,0.0
Data:,0.0
Data:,0.0
Data:,0.0
Data:,0.0
Data:,0.0
Data:,0.0
Data:,0.0
Data:,0.0
Data:,0.0
Data:,0.0
Data:,0.0
Data:,0.0
Data:,0.0
Data:,0.0
Data:,0.0
Data:,0.0
Data:,0.0
Data:,0.0
Data:,0.0
Data:,0.0
Data:,0.0
Data:,0.0
Data:,0.0
Data:,0.0
Data:,0.0
Data:,0.0
Data:,0.0
Data:,0.0
Data:,0.0
Data:,0.0
Data:,0.0
Data:,0.0
Data:,0.0
Data:,0.0
Data:,0.0
Data:,0.0
Data:,0.0
Data:,0.0
Data:,0.0
Data:,0.0
Data:,0.0
Data:,0.0
Data:,0.0
Data:,0.0
Data:,0.0
Data:,0.0
Data:,0.0
Data:,0.0
Data:,0.0
Data:,0.0
Data:,0.0
Data:,0.0
Data:,0.0
Data:,0.0
Data:,0.0
Data:,0.0
Data:,0.0
Data:,0.0
Data:,0.0
Data:,0.0
Data:,0.0
Data:,0.0
Data:,0.0
Data:,0.0
Data:,0.0
Data:,0.0
Data:,0.0
Data:,0.0
Data:,0.0
Data:,0.0
Data:,0.0
Data:,0.0
Data:,0.0
Data:,0.001
Data:,0.001
Data:,0.001
Data:,0.0
Data:,0.0
Data:,0.0
Data:,0.0
Data:,0.0
Data:,0.0
Data:,0.0
Data:,0.0
Data:,0.0
Data:,0.0
Data:,0.0
Data:,0.0
Data:,0.0
Data:,0.0
Data:,0.0
Data:,0.0
Data:,0.0
Data:,0.0
Data:,0.0
Data:,0.0
Data:,0.0
Data:,0.0
Data:,0.0
Data:,0.0
Data:,0.0
Data:,0.0
Data:,0.0
Data:,0.0
Data:,0.0
Data:,0.0
Data:,0.0
Data:,0.0
Data:,0.0
Data:,0.0
Data:,0.0
Data:,0.0
Data:,0.0
Data:,0.0
Data:,0.0
Data:,0.0
Data:,0.0
Data:,0.0
Data:,0.0
Data:,0.0
Data:,0.0
Data:,0.0
Data:,0.0
Data:,0.0
Data:,0.0
Data:,0.0
Data:,0.0
Data:,0.0
Data:,0.0
Data:,0.0
Data:,0.0
Data:,0.0
Data:,0.0
Data:,0.0
Data:,0.0
Data:,0.0
Data:,0.0
Data:,0.0
Data:,0.0
Data:,0.001
Data:,0.0
Data:,0.0
Data:,0.0
Data:,0.0
Data:,0.0
Data:,0.0
Data:,0.0
Data:,0.0
Data:,0.0
Data:,0.0
Data:,0.0
Data:,0.0
Data:,0.0
Data:,0.0
Data:,0.0
Data:,0.0
Data:,0.0
Data:,0.0
Data:,0.0
Data:,0.0
Data:,0.0
Data:,0.0
Data:,0.0
Data:,0.0
Data:,0.0
Data:,0.0
Data:,0.0
Data:,0.0
Data:,0.0
Data:,0.0
Data:,0.0
Data:,0.0
Data:,0.003
Data:,0.003
Data:,0.0
Data:,0.0
Data:,0.0
Data:,0.0
Data:,0.0
Data:,0.0
Data:,0.0
Data:,0.0
Data:,0.0
Data:,0.0
Data:,0.0
Data:,0.0
Data:,0.0
Data:,0.0
Data:,0.0
Data:,0.0
Data:,0.0
Data:,0.0
Data:,0.0
Data:,0.001
Data:,0.001
Data:,0.0
Data:,0.0
Data:,0.0
Data:,0.0
Data:,0.0
Data:,0.0
Data:,0.0
Data:,0.0
Data:,0.0
Data:,0.0
Data:,0.0
Data:,0.0
Data:,0.0
Data:,0.0
Data:,0.0
Data:,0.0
Data:,0.0
Data:,0.0
Data:,0.0
Data:,0.0
Data:,0.0
Data:,0.0
Data:,0.0
Data:,0.0
Data:,0.0
Data:,0.0
Data:,0.0
Data:,0.0
Data:,0.0
Data:,0.0
Data:,0.0
Data:,0.0
Data:,0.0
Data:,0.0
Data:,0.0
Data:,0.0
Data:,0.0
Data:,0.001
Data:,0.001
Data:,0.0
Data:,0.0
Data:,0.0
Data:,0.0
Data:,0.0
Data:,0.0
Data:,0.0
Data:,0.0
Data:,0.0
Data:,0.0
Data:,0.0
Data:,0.0
Data:,0.0
Data:,0.0
Data:,0.0
Data:,0.0
Data:,0.0
Data:,0.0
Data:,0.0
Data:,0.0
Data:,0.0
Data:,0.0
Data:,0.0
Data:,0.0
Data:,0.0
Data:,0.0
Data:,0.0
Data:,0.0
Data:,0.0
Data:,0.0
Data:,0.0
Data:,0.0
Data:,0.0
Data:,0.0
Data:,0.0
Data:,0.0
Data:,0.0
Data:,0.0
Data:,0.0
Data:,0.0
Data:,0.0
Data:,0.0
Data:,0.0
Data:,0.0
Data:,0.0
Data:,0.0
Data:,0.0
Data:,0.0
Data:,0.0
Data:,0.0
Data:,0.0
Data:,0.0
Data:,0.0
Data:,0.0
Data:,0.0
Data:,0.0
Data:,0.0
Data:,0.0
Data:,0.0
Data:,0.001
Data:,0.0
Data:,0.0
Data:,0.0
Data:,0.0
Data:,0.0
Data:,0.0
Data:,0.0
Data:,0.0
Data:,0.0
Data:,0.0
Data:,0.0
Data:,0.0
Data:,0.0
Data:,0.0
Data:,0.0
Data:,0.0
Data:,0.0
Data:,0.0
Data:,0.0
Data:,0.001
Data:,0.001
Data:,0.0
Data:,0.0
Data:,0.0
Data:,0.0
Data:,0.0
Data:,0.0
Data:,0.0
Data:,0.0
Data:,0.0
Data:,0.0
Data:,0.0
Data:,0.0
Data:,0.0
Data:,0.0
Data:,0.0
Data:,0.0
Data:,0.0
Data:,0.0
Data:,0.0
Data:,0.0
Data:,0.0
Data:,0.0
Data:,0.0
Data:,0.0
Data:,0.0
Data:,0.0
Data:,0.0
Data:,0.0
Data:,0.0
Data:,0.0
Data:,0.0
Data:,0.0
Data:,0.0
Data:,0.0
Data:,0.0
Data:,0.003
Data:,0.003
Data:,0.0
Data:,0.0
Data:,0.0
Data:,0.0
Data:,0.0
Data:,0.0
Data:,0.0
Data:,0.0
Data:,0.0
Data:,0.0
Data:,0.0
Data:,0.0
Data:,0.0
Data:,0.0
Data:,0.0
Data:,0.0
Data:,0.0
Data:,0.0
Data:,0.0
Data:,0.0
Data:,0.0
Data:,0.0
Data:,0.0
Data:,0.0
Data:,0.0
Data:,0.0
Data:,0.0
Data:,0.0
Data:,0.0
Data:,0.0
Data:,0.0
Data:,0.0
Data:,0.0
Data:,0.0
Data:,0.0
Data:,0.0
Data:,0.0
Data:,0.0
Data:,0.001
Data:,0.001
Data:,0.0
Data:,0.0
Data:,0.0
Data:,0.0
Data:,0.0
Data:,0.0
Data:,0.0
Data:,0.0
Data:,0.0
Data:,0.0
Data:,0.0
Data:,0.0
Data:,0.0
Data:,0.0
Data:,0.0
Data:,0.0
Data:,0.0
Data:,0.0
Data:,0.0
Data:,0.0
Data:,0.0
Data:,0.0
Data:,0.0
Data:,0.0
Data:,0.0
Data:,0.0
Data:,0.0
Data:,0.0
Data:,0.0
Data:,0.0
Data:,0.0
Data:,0.0
Data:,0.0
Data:,0.0
Data:,0.0
Data:,0.0
Data:,0.0
Data:,0.0
Data:,0.0
Data:,0.0
Data:,0.0
Data:,0.001
Data:,0.001
Data:,0.0
Data:,0.0
Data:,0.0
Data:,0.0
Data:,0.0
Data:,0.0
Data:,0.0
Data:,0.0
Data:,0.0
Data:,0.0
Data:,0.0
Data:,0.0
Data:,0.0
Data:,0.0
Data:,0.0
Data:,0.0
Data:,0.0
Data:,0.0
Data:,0.0
Data:,0.0
Data:,0.0
Data:,0.0
Data:,0.0
Data:,0.0
Data:,0.0
Data:,0.0
Data:,0.0
Data:,0.0
Data:,0.0
Data:,0.0
Data:,0.0
Data:,0.0
Data:,0.0
Data:,0.0
Data:,0.0
Data:,0.0
Data:,0.0
Data:,0.0
Data:,0.0
Data:,0.0
Data:,0.0
Data:,0.0
Data:,0.0
Data:,0.0
Data:,0.0
Data:,0.0
Data:,0.0
Data:,0.0
Data:,0.0
Data:,0.0
Data:,0.0
Data:,0.0
Data:,0.0
Data:,0.0
Data:,0.0
Data:,0.0
Data:,0.0
Data:,0.0
Data:,0.0
Data:,0.0
Data:,0.0
Data:,0.0
Data:,0.0
Data:,0.0
Data:,0.0
Data:,0.0
Data:,0.0
Data:,0.0
Data:,0.0
Data:,0.0
Data:,0.0
Data:,0.0
Data:,0.0
Data:,0.0
Data:,0.0
Data:,0.0
Data:,0.0
Data:,0.0
Data:,0.0
Data:,0.0
Data:,0.0
Data:,0.0
Data:,0.0
Data:,0.0
Data:,0.0
Data:,0.0
Data:,0.0
Data:,0.0
Data:,0.0
Data:,0.0
Data:,0.0
Data:,0.0
Data:,0.003
Data:,0.003
Data:,0.0
Data:,0.0
Data:,0.0
Data:,0.0
Data:,0.0
Data:,0.0
Data:,0.0
Data:,0.0
Data:,0.0
Data:,0.0
Data:,0.0
Data:,0.0
Data:,0.0
Data:,0.0
Data:,0.0
Data:,0.0
Data:,0.0
Data:,0.0
Data:,0.0
Data:,0.001
Data:,0.001
Data:,0.0
Data:,0.0
Data:,0.0
Data:,0.001
Data:,0.001
Data:,0.0
Data:,0.0
Data:,0.0
Data:,0.0
Data:,0.0
Data:,0.0
Data:,0.0
Data:,0.0
Data:,0.0
Data:,0.0
Data:,0.0
Data:,0.0
Data:,0.0
Data:,0.0
Data:,0.0
Data:,0.0
Data:,0.0
Data:,0.0
Data:,0.0
Data:,0.0
Data:,0.0
Data:,0.0
Data:,0.0
Data:,0.0
Data:,0.0
Data:,0.0
Data:,0.0
Data:,0.0
Data:,0.0
Data:,0.0
Data:,0.0
Data:,0.0
Data:,0.0
Data:,0.0
Data:,0.0
Data:,0.0
Data:,0.0
Data:,0.0
Data:,0.0
Data:,0.0
Data:,0.0
Data:,0.0
Data:,0.0
Data:,0.0
Data:,0.0
Data:,0.0
Data:,0.0
Data:,0.0
Data:,0.0
Data:,0.0
Data:,0.0
Data:,0.0
Data:,0.0
Data:,0.0
Data:,0.0
Data:,0.0
Data:,0.0
Data:,0.0
Data:,0.0
Data:,0.0
Data:,0.0
Data:,0.0
Data:,0.0
Data:,0.0
Data:,0.0
Data:,0.0
Data:,0.0
Data:,0.0
Data:,0.0
Data:,0.0
Data:,0.0
Data:,0.0
Data:,0.0
Data:,0.0
Data:,0.0
Data:,0.0
Data:,0.0
Data:,0.0
Data:,0.0
Data:,0.0
Data:,0.0
Data:,0.0
Data:,0.0
Data:,0.0
Data:,0.0
Data:,0.0
Data:,0.0
Data:,0.0
Data:,0.0
Data:,0.0
Data:,0.0
Data:,0.0
Data:,0.0
Data:,0.0
Data:,0.0
Data:,0.0
Data:,0.0
Data:,0.0
Data:,0.0
Data:,0.0
Data:,0.0
Data:,0.0
Data:,0.0
Data:,0.0
Data:,0.0
Data:,0.0
Data:,0.0
Data:,0.0
Data:,0.0
Data:,0.001
Data:,0.001
Data:,0.0
Data:,0.0
Data:,0.0
Data:,0.0
Data:,0.0
Data:,0.0
Data:,0.001
Data:,0.001
Data:,0.0
Data:,0.0
Data:,0.0
Data:,0.0
Data:,0.0
Data:,0.0
Data:,0.0
Data:,0.0
Data:,0.0
Data:,0.0
Data:,0.0
Data:,0.0
Data:,0.0
Data:,0.0
Data:,0.0
Data:,0.0
Data:,0.0
Data:,0.001
Data:,0.001
Data:,0.0
Data:,0.0
Data:,0.0
Data:,0.0
Data:,0.0
Data:,0.0
Data:,0.0
Data:,0.0
Data:,0.0
Data:,0.0
Data:,0.0
Data:,0.0
Data:,0.004
Data:,0.004
Data:,0.0
Data:,0.0
Data:,0.0
Data:,0.0
Data:,0.0
Data:,0.0
Data:,0.0
Data:,0.0
Data:,0.0
Data:,0.0
Data:,0.0
Data:,0.0
Data:,0.0
Data:,0.0
Data:,0.0
Data:,0.0
Data:,0.0
Data:,0.0
Data:,0.0
Data:,0.0
Data:,0.0
Data:,0.0
Data:,0.0
Data:,0.0
Data:,0.0
Data:,0.0
Data:,0.0
Data:,0.0
Data:,0.0
Data:,0.0
Data:,0.0
Data:,0.0
Data:,0.0
Data:,0.0
Data:,0.0
Data:,0.0
Data:,0.0
Data:,0.0
Data:,0.0
Data:,0.0
Data:,0.0
Data:,0.0
Data:,0.0
Data:,0.0
Data:,0.0
Data:,0.0
Data:,0.0
Data:,0.0
Data:,0.0
Data:,0.0
Data:,0.0
Data:,0.0
Data:,0.0
Data:,0.0
Data:,0.0
Data:,0.0
Data:,0.0
Data:,0.0
Data:,0.0
Data:,0.0
Data:,0.0
Data:,0.0
Data:,0.0
Data:,0.0
Data:,0.0
Data:,0.0
Data:,0.0
Data:,0.0
Data:,0.0
Data:,0.0
Data:,0.0
Data:,0.0
Data:,0.0
Data:,0.0
Data:,0.0
Data:,0.0
Data:,0.0
Data:,0.0
Data:,0.0
Data:,0.0
Data:,0.0
Data:,0.0
Data:,0.0
Data:,0.0
Data:,0.0
Data:,0.001
Data:,0.001
Data:,0.0
Data:,0.0
Data:,0.0
Data:,0.0
Data:,0.0
Data:,0.0
Data:,0.0
Data:,0.0
Data:,0.0
Data:,0.0
Data:,0.0
Data:,0.0
Data:,0.0
Data:,0.0
Data:,0.0
Data:,0.0
Data:,0.0
Data:,0.0
Data:,0.0
Data:,0.0
Data:,0.0
Data:,0.0
Data:,0.0
Data:,0.0
Data:,0.0
Data:,0.0
Data:,0.0
Data:,0.0
Data:,0.0
Data:,0.0
Data:,0.0
Data:,0.0
Data:,0.0
Data:,0.0
Data:,0.0
Data:,0.0
Data:,0.0
Data:,0.0
Data:,0.0
Data:,0.0
Data:,0.0
Data:,0.0
Data:,0.0
Data:,0.0
Data:,0.0
Data:,0.0
Data:,0.0
Data:,0.0
Data:,0.0
Data:,0.0
Data:,0.0
Data:,0.0
Data:,0.0
Data:,0.0
Data:,0.0
Data:,0.0
Data:,0.0
Data:,0.0
Data:,0.0
Data:,0.0
Data:,0.0
Data:,0.0
Data:,0.0
Data:,0.0
Data:,0.0
Data:,0.0
Data:,0.0
Data:,0.0
Data:,0.0
Data:,0.001
Data:,0.001
Data:,0.0
Data:,0.0
Data:,0.0
Data:,0.0
Data:,0.0
Data:,0.0
Data:,0.0
Data:,0.0
Data:,0.0
Data:,0.0
Data:,0.0
Data:,0.0
Data:,0.0
Data:,0.0
Data:,0.0
Data:,0.0
Data:,0.0
Data:,0.0
Data:,0.004
Data:,0.004
Data:,0.0
Data:,0.0
Data:,0.0
Data:,0.0
Data:,0.0
Data:,0.0
Data:,0.0
Data:,0.0
Data:,0.0
Data:,0.0
Data:,0.0
Data:,0.0
Data:,0.0
Data:,0.0
Data:,0.0
Data:,0.0
Data:,0.0
Data:,0.0
Data:,0.0
Data:,0.0
Data:,0.0
Data:,0.0
Data:,0.0
Data:,0.0
Data:,0.0
Data:,0.0
Data:,0.0
Data:,0.001
Data:,0.001
Data:,0.0
Data:,0.0
Data:,0.0
Data:,0.0
Data:,0.0
Data:,0.0
Data:,0.0
Data:,0.0
Data:,0.0
Data:,0.0
Data:,0.0
Data:,0.0
Data:,0.0
Data:,0.0
Data:,0.0
Data:,0.0
Data:,0.0
Data:,0.0
Data:,0.0
Data:,0.0
Data:,0.0
Data:,0.0
Data:,0.0
Data:,0.0
Data:,0.0
Data:,0.0
Data:,0.0
Data:,0.0
Data:,0.0
Data:,0.0
Data:,0.0
Data:,0.0
Data:,0.0
Data:,0.0
Data:,0.0
Data:,0.0
Data:,0.0
Data:,0.0
Data:,0.0
Data:,0.0
Data:,0.0
Data:,0.0
Data:,0.0
Data:,0.0
Data:,0.0
Data:,0.0
Data:,0.0
Data:,0.0
Data:,0.0
Data:,0.0
Data:,0.0
Data:,0.0
Data:,0.0
Data:,0.0
Data:,0.0
Data:,0.0
Data:,0.0
Data:,0.0
Data:,0.0
Data:,0.0
Data:,0.0
Data:,0.0
Data:,0.0
Data:,0.0
Data:,0.0
Data:,0.0
Data:,0.0
Data:,0.0
Data:,0.0
Data:,0.0
Data:,0.0
Data:,0.0
Data:,0.0
Data:,0.0
Data:,0.0
Data:,0.0
Data:,0.0
Data:,0.0
Data:,0.0
Data:,0.0
Data:,0.0
Data:,0.0
Data:,0.0
Data:,0.0
Data:,0.0
Data:,0.0
Data:,0.0
Data:,0.0
Data:,0.0
Data:,0.0
Data:,0.0
Data:,0.0
Data:,0.0
Data:,0.0
Data:,0.0
Data:,0.0
Data:,0.0
Data:,0.0
Data:,0.0
Data:,0.0
Data:,0.0
Data:,0.0
Data:,0.0
Data:,0.0
Data:,0.0
Data:,0.0
Data:,0.0
Data:,0.001
Data:,0.001
Data:,0.0
Data:,0.0
Data:,0.0
Data:,0.0
Data:,0.0
Data:,0.0
Data:,0.0
Data:,0.0
Data:,0.0
Data:,0.001
Data:,0.001
Data:,0.0
Data:,0.0
Data:,0.0
Data:,0.0
Data:,0.0
Data:,0.0
Data:,0.0
Data:,0.0
Data:,0.0
Data:,0.0
Data:,0.0
Data:,0.0
Data:,0.0
Data:,0.0
Data:,0.0
Data:,0.0
Data:,0.0
Data:,0.0
Data:,0.0
Data:,0.0
Data:,0.0
Data:,0.0
Data:,0.0
Data:,0.0
Data:,0.0
Data:,0.0
Data:,0.0
Data:,0.003
Data:,0.003
Data:,0.0
Data:,0.0
Data:,0.0
Data:,0.0
Data:,0.0
Data:,0.0
Data:,0.0
Data:,0.0
Data:,0.0
Data:,0.0
Data:,0.0
Data:,0.0
Data:,0.0
Data:,0.0
Data:,0.0
Data:,0.0
Data:,0.0
Data:,0.0
Data:,0.0
Data:,0.0
Data:,0.0
Data:,0.0
Data:,0.0
Data:,0.0
Data:,0.0
Data:,0.0
Data:,0.0
Data:,0.0
Data:,0.0
Data:,0.0
Data:,0.0
Data:,0.0
Data:,0.0
Data:,0.0
Data:,0.0
Data:,0.0
Data:,0.0
Data:,0.0
Data:,0.0
Data:,0.0
Data:,0.0
Data:,0.0
Data:,0.0
Data:,0.0
Data:,0.0
Data:,0.0
Data:,0.0
Data:,0.0
Data:,0.0
Data:,0.0
Data:,0.0
Data:,0.0
Data:,0.0
Data:,0.0
Data:,0.0
Data:,0.0
Data:,0.0
Data:,0.0
Data:,0.0
Data:,0.0
Data:,0.0
Data:,0.0
Data:,0.0
Data:,0.0
Data:,0.0
Data:,0.0
Data:,0.0
Data:,0.0
Data:,0.0
Data:,0.001
Data:,0.002
Data:,0.001
Data:,0.0
Data:,0.0
Data:,0.0
Data:,0.0
Data:,0.0
Data:,0.0
Data:,0.0
Data:,0.0
Data:,0.0
Data:,0.0
Data:,0.0
Data:,0.0
Data:,0.0
Data:,0.0
Data:,0.0
Data:,0.0
Data:,0.0
Data:,0.001
Data:,0.001
Data:,0.0
Data:,0.0
Data:,0.0
Data:,0.0
Data:,0.0
Data:,0.0
Data:,0.0
Data:,0.0
Data:,0.0
Data:,0.0
Data:,0.0
Data:,0.0
Data:,0.0
Data:,0.0
Data:,0.0
Data:,0.0
Data:,0.0
Data:,0.0
Data:,0.0
Data:,0.0
Data:,0.0
Data:,0.0
Data:,0.0
Data:,0.0
Data:,0.0
Data:,0.001
Data:,0.001
Data:,0.0
Data:,0.0
Data:,0.0
Data:,0.0
Data:,0.0
Data:,0.0
Data:,0.0
Data:,0.0
Data:,0.0
Data:,0.0
Data:,0.0
Data:,0.0
Data:,0.0
Data:,0.0
Data:,0.0
Data:,0.0
Data:,0.0
Data:,0.0
Data:,0.0
Data:,0.0
Data:,0.0
Data:,0.0
Data:,0.0
Data:,0.0
Data:,0.0
Data:,0.0
Data:,0.0
Data:,0.0
Data:,0.0
Data:,0.0
Data:,0.0
Data:,0.0
Data:,0.0
Data:,0.0
Data:,0.0
Data:,0.0
Data:,0.0
Data:,0.0
Data:,0.0
Data:,0.0
Data:,0.0
Data:,0.0
Data:,0.0
Data:,0.0
Data:,0.0
Data:,0.0
Data:,0.0
Data:,0.0
Data:,0.0
Data:,0.0
Data:,0.0
Data:,0.0
Data:,0.0
Data:,0.0
Data:,0.0
Data:,0.0
Data:,0.0
Data:,0.0
Data:,0.003
Data:,0.003
Data:,0.0
Data:,0.0
Data:,0.0
Data:,0.0
Data:,0.0
Data:,0.0
Data:,0.0
Data:,0.0
Data:,0.0
Data:,0.0
Data:,0.0
Data:,0.0
Data:,0.0
Data:,0.0
Data:,0.0
Data:,0.0
Data:,0.0
Data:,0.0
Data:,0.0
Data:,0.0
Data:,0.0
Data:,0.0
Data:,0.0
Data:,0.0
Data:,0.0
Data:,0.0
Data:,0.0
Data:,0.0
Data:,0.0
Data:,0.0
Data:,0.0
Data:,0.001
Data:,0.001
Data:,0.0
Data:,0.0
Data:,0.0
Data:,0.0
Data:,0.0
Data:,0.0
Data:,0.0
Data:,0.001
Data:,0.001
Data:,0.0
Data:,0.0
Data:,0.0
Data:,0.0
Data:,0.0
Data:,0.0
Data:,0.0
Data:,0.0
Data:,0.0
Data:,0.0
Data:,0.0
Data:,0.0
Data:,0.0
Data:,0.0
Data:,0.0
Data:,0.0
Data:,0.0
Data:,0.0
Data:,0.0
Data:,0.0
Data:,0.0
Data:,0.0
Data:,0.0
Data:,0.0
Data:,0.0
Data:,0.0
Data:,0.0
Data:,0.0
Data:,0.0
Data:,0.0
Data:,0.0
Data:,0.0
Data:,0.0
Data:,0.0
Data:,0.0
Data:,0.0
Data:,0.0
Data:,0.0
Data:,0.0
Data:,0.0
Data:,0.0
Data:,0.0
Data:,0.0
Data:,0.0
Data:,0.0
Data:,0.0
Data:,0.0
Data:,0.0
Data:,0.0
Data:,0.0
Data:,0.0
Data:,0.0
Data:,0.0
Data:,0.0
Data:,0.001
Data:,0.001
Data:,0.0
Data:,0.0
Data:,0.0
Data:,0.0
Data:,0.0
Data:,0.0
Data:,0.0
Data:,0.0
Data:,0.0
Data:,0.0
Data:,0.0
Data:,0.0
Data:,0.0
Data:,0.0
Data:,0.0
Data:,0.0
Data:,0.0
Data:,0.0
Data:,0.0
Data:,0.0
Data:,0.0
Data:,0.0
Data:,0.0
Data:,0.0
Data:,0.0
Data:,0.0
Data:,0.0
Data:,0.0
Data:,0.0
Data:,0.0
Data:,0.0
Data:,0.0
Data:,0.0
Data:,0.0
Data:,0.0
Data:,0.0
Data:,0.0
Data:,0.0
Data:,0.0
Data:,0.0
Data:,0.0
Data:,0.0
Data:,0.0
Data:,0.0
Data:,0.0
Data:,0.0
Data:,0.0
Data:,0.0
Data:,0.0
Data:,0.0
Data:,0.0
Data:,0.0
Data:,0.0
Data:,0.001
Data:,0.001
Data:,0.0
Data:,0.0
Data:,0.0
Data:,0.0
Data:,0.0
Data:,0.0
Data:,0.0
Data:,0.0
Data:,0.0
Data:,0.0
Data:,0.0
Data:,0.0
Data:,0.001
Data:,0.001
Data:,0.0
Data:,0.001
Data:,0.0
Data:,0.0
Data:,0.0
Data:,0.0
Data:,0.0
Data:,0.0
Data:,0.0
Data:,0.003
Data:,0.003
Data:,0.0
Data:,0.0
Data:,0.0
Data:,0.0
Data:,0.0
Data:,0.0
Data:,0.0
Data:,0.0
Data:,0.0
Data:,0.0
Data:,0.0
Data:,0.0
Data:,0.0
Data:,0.0
Data:,0.0
Data:,0.0
Data:,0.0
Data:,0.0
Data:,0.0
Data:,0.0
Data:,0.0
Data:,0.0
Data:,0.0
Data:,0.0
Data:,0.0
Data:,0.0
Data:,0.0
Data:,0.0
Data:,0.0
Data:,0.0
Data:,0.0
Data:,0.0
Data:,0.0
Data:,0.0
Data:,0.0
Data:,0.0
Data:,0.0
Data:,0.0
Data:,0.0
Data:,0.0
Data:,0.0
Data:,0.0
Data:,0.0
Data:,0.0
Data:,0.0
Data:,0.0
Data:,0.0
Data:,0.0
Data:,0.0
Data:,0.0
Data:,0.0
Data:,0.0
Data:,0.0
Data:,0.0
Data:,0.0
Data:,0.0
Data:,0.0
Data:,0.0
Data:,0.0
Data:,0.0
Data:,0.0
Data:,0.0
Data:,0.0
Data:,0.0
Data:,0.0
Data:,0.0
Data:,0.0
Data:,0.0
Data:,0.0
Data:,0.0
Data:,0.0
Data:,0.0
Data:,0.0
Data:,0.0
Data:,0.0
Data:,0.001
Data:,0.001
Data:,0.0
Data:,0.0
Data:,0.0
Data:,0.0
Data:,0.0
Data:,0.0
Data:,0.0
Data:,0.0
Data:,0.0
Data:,0.0
Data:,0.0
Data:,0.0
Data:,0.0
Data:,0.0
Data:,0.0
Data:,0.0
Data:,0.001
Data:,0.001
Data:,0.0
Data:,0.0
Data:,0.0
Data:,0.0
Data:,0.0
Data:,0.0
Data:,0.0
Data:,0.0
Data:,0.0
Data:,0.0
Data:,0.0
Data:,0.0
Data:,0.0
Data:,0.0
Data:,0.0
Data:,0.0
Data:,0.0
Data:,0.0
Data:,0.0
Data:,0.0
Data:,0.0
Data:,0.0
Data:,0.0
Data:,0.0
Data:,0.0
Data:,0.0
Data:,0.0
Data:,0.0
Data:,0.0
Data:,0.0
Data:,0.0
Data:,0.0
Data:,0.0
Data:,0.0
Data:,0.0
Data:,0.0
Data:,0.0
Data:,0.0
Data:,0.0
Data:,0.0
Data:,0.0
Data:,0.0
Data:,0.0
Data:,0.0
Data:,0.0
Data:,0.0
Data:,0.0
Data:,0.0
Data:,0.0
Data:,0.0
Data:,0.0
Data:,0.0
Data:,0.0
Data:,0.0
Data:,0.0
Data:,0.0
Data:,0.0
Data:,0.0
Data:,0.0
Data:,0.0
Data:,0.0
Data:,0.0
Data:,0.0
Data:,0.0
Data:,0.0
Data:,0.0
Data:,0.0
Data:,0.0
Data:,0.0
Data:,0.0
Data:,0.0
Data:,0.0
Data:,0.0
Data:,0.0
Data:,0.0
Data:,0.0
Data:,0.0
Data:,0.0
Data:,0.0
Data:,0.0
Data:,0.003
Data:,0.003
Data:,0.0
Data:,0.0
Data:,0.0
Data:,0.0
Data:,0.0
Data:,0.0
Data:,0.0
Data:,0.0
Data:,0.0
Data:,0.0
Data:,0.0
Data:,0.0
Data:,0.0
Data:,0.0
Data:,0.0
Data:,0.0
Data:,0.0
Data:,0.0
Data:,0.0
Data:,0.0
Data:,0.0
Data:,0.0
Data:,0.0
Data:,0.0
Data:,0.0
Data:,0.0
Data:,0.0
Data:,0.0
Data:,0.0
Data:,0.0
Data:,0.0
Data:,0.0
Data:,0.0
Data:,0.0
Data:,0.0
Data:,0.0
Data:,0.001
Data:,0.001
Data:,0.001
Data:,0.001
Data:,0.002
Data:,0.002
Data:,0.001
Data:,0.001
Data:,0.0
Data:,0.0
Data:,0.0
Data:,0.0
Data:,0.0
Data:,0.0
Data:,0.0
Data:,0.0
Data:,0.0
Data:,0.0
Data:,0.0
Data:,0.0
Data:,0.001
Data:,0.001
Data:,0.0
Data:,0.0
Data:,0.0
Data:,0.0
Data:,0.0
Data:,0.0
Data:,0.0
Data:,0.0
Data:,0.0
Data:,0.0
Data:,0.0
Data:,0.0
Data:,0.0
Data:,0.0
Data:,0.0
Data:,0.0
Data:,0.0
Data:,0.0
Data:,0.0
Data:,0.0
Data:,0.0
Data:,0.0
Data:,0.0
Data:,0.0
Data:,0.0
Data:,0.0
Data:,0.0
Data:,0.0
Data:,0.0
Data:,0.0
Data:,0.0
Data:,0.0
Data:,0.0
Data:,0.0
Data:,0.0
Data:,0.0
Data:,0.0
Data:,0.0
Data:,0.0
Data:,0.0
Data:,0.0
Data:,0.0
Data:,0.0
Data:,0.0
Data:,0.0
Data:,0.0
Data:,0.0
Data:,0.0
Data:,0.0
Data:,0.0
Data:,0.0
Data:,0.0
Data:,0.0
Data:,0.0
Data:,0.0
Data:,0.0
Data:,0.0
Data:,0.0
Data:,0.0
Data:,0.0
Data:,0.0
Data:,0.0
Data:,0.0
Data:,0.0
Data:,0.0
Data:,0.0
Data:,0.0
Data:,0.0
Data:,0.0
Data:,0.0
Data:,0.0
Data:,0.0
Data:,0.0
Data:,0.0
Data:,0.0
Data:,0.0
Data:,0.0
Data:,0.0
Data:,0.0
Data:,0.0
Data:,0.0
Data:,0.0
Data:,0.0
Data:,0.0
Data:,0.0
Data:,0.0
Data:,0.0
Data:,0.0
Data:,0.0
Data:,0.0
Data:,0.0
Data:,0.0
Data:,0.0
Data:,0.0
Data:,0.0
Data:,0.0
Data:,0.0
Data:,0.0
Data:,0.001
Data:,0.001
Data:,0.0
Data:,0.0
Data:,0.0
Data:,0.0
Data:,0.0
Data:,0.0
Data:,0.0
Data:,0.0
Data:,0.0
Data:,0.0
Data:,0.0
Data:,0.0
Data:,0.0
Data:,0.0
Data:,0.0
Data:,0.0
Data:,0.0
Data:,0.0
Data:,0.003
Data:,0.003
Data:,0.0
Data:,0.0
Data:,0.0
Data:,0.0
Data:,0.0
Data:,0.0
Data:,0.0
Data:,0.0
Data:,0.0
Data:,0.0
Data:,0.0
Data:,0.0
Data:,0.0
Data:,0.0
Data:,0.0
Data:,0.0
Data:,0.0
Data:,0.0
Data:,0.0
Data:,0.0
Data:,0.0
Data:,0.0
Data:,0.0
Data:,0.0
Data:,0.0
Data:,0.0
Data:,0.0
Data:,0.0
Data:,0.0
Data:,0.0
Data:,0.0
Data:,0.0
Data:,0.0
Data:,0.0
Data:,0.0
Data:,0.0
Data:,0.001
Data:,0.001
Data:,0.0
Data:,0.0
Data:,0.0
Data:,0.0
Data:,0.0
Data:,0.0
Data:,0.0
Data:,0.0
Data:,0.0
Data:,0.0
Data:,0.0
Data:,0.0
Data:,0.0
Data:,0.0
Data:,0.0
Data:,0.0
Data:,0.0
Data:,0.0
Data:,0.0
Data:,0.0
Data:,0.0
Data:,0.0
Data:,0.0
Data:,0.0
Data:,0.0
Data:,0.0
Data:,0.0
Data:,0.0
Data:,0.0
Data:,0.0
Data:,0.0
Data:,0.0
Data:,0.0
Data:,0.0
Data:,0.0
Data:,0.0
Data:,0.0
Data:,0.0
Data:,0.0
Data:,0.0
Data:,0.0
Data:,0.0
Data:,0.0
Data:,0.0
Data:,0.0
Data:,0.0
Data:,0.0
Data:,0.0
Data:,0.0
Data:,0.0
Data:,0.0
Data:,0.0
Data:,0.0
Data:,0.0
Data:,0.0
Data:,0.0
Data:,0.0
Data:,0.0
Data:,0.0
Data:,0.001
Data:,0.001
Data:,0.0
Data:,0.0
Data:,0.0
Data:,0.0
Data:,0.0
Data:,0.0
Data:,0.0
Data:,0.0
Data:,0.0
Data:,0.0
Data:,0.0
Data:,0.0
Data:,0.0
Data:,0.0
Data:,0.0
Data:,0.0
Data:,0.0
Data:,0.0
Data:,0.0
Data:,0.0
Data:,0.0
Data:,0.0
Data:,0.0
Data:,0.0
Data:,0.0
Data:,0.0
Data:,0.0
Data:,0.0
Data:,0.0
Data:,0.0
Data:,0.0
Data:,0.0
Data:,0.0
Data:,0.0
Data:,0.0
Data:,0.0
Data:,0.0
Data:,0.0
Data:,0.0
Data:,0.0
Data:,0.0
Data:,0.0
Data:,0.0
Data:,0.0
Data:,0.0
Data:,0.0
Data:,0.0
Data:,0.0
Data:,0.0
Data:,0.0
Data:,0.0
Data:,0.0
Data:,0.0
Data:,0.0
Data:,0.0
Data:,0.0
Data:,0.0
Data:,0.0
Data:,0.0
Data:,0.0
Data:,0.0
Data:,0.0
Data:,0.0
Data:,0.0
Data:,0.0
Data:,0.0
Data:,0.0
Data:,0.0
Data:,0.0
Data:,0.0
Data:,0.0
Data:,0.0
Data:,0.0
Data:,0.0
Data:,0.0
Data:,0.0
Data:,0.0
Data:,0.003
Data:,0.003
Data:,0.0
Data:,0.0
Data:,0.0
Data:,0.0
Data:,0.0
Data:,0.0
Data:,0.0
Data:,0.0
Data:,0.0
Data:,0.0
Data:,0.0
Data:,0.0
Data:,0.0
Data:,0.0
Data:,0.0
Data:,0.0
Data:,0.001
Data:,0.001
Data:,0.0
Data:,0.0
Data:,0.0
Data:,0.0
Data:,0.0
Data:,0.0
Data:,0.0
Data:,0.0
Data:,0.0
Data:,0.0
Data:,0.0
Data:,0.0
Data:,0.0
Data:,0.0
Data:,0.0
Data:,0.0
Data:,0.0
Data:,0.0
Data:,0.0
Data:,0.0
Data:,0.0
Data:,0.001
Data:,0.001
Data:,0.0
Data:,0.0
Data:,0.0
Data:,0.0
Data:,0.0
Data:,0.0
Data:,0.0
Data:,0.0
Data:,0.0
Data:,0.0
Data:,0.0
Data:,0.0
Data:,0.0
Data:,0.0
Data:,0.0
Data:,0.0
Data:,0.0
Data:,0.0
Data:,0.0
Data:,0.0
Data:,0.0
Data:,0.0
Data:,0.0
Data:,0.0
Data:,0.0
Data:,0.0
Data:,0.0
Data:,0.0
Data:,0.0
Data:,0.0
Data:,0.0
Data:,0.0
Data:,0.0
Data:,0.0
Data:,0.0
Data:,0.0
Data:,0.0
Data:,0.0
Data:,0.0
Data:,0.0
Data:,0.0
Data:,0.0
Data:,0.0
Data:,0.0
Data:,0.0
Data:,0.0
Data:,0.0
Data:,0.0
Data:,0.0
Data:,0.0
Data:,0.0
Data:,0.0
Data:,0.0
Data:,0.0
Data:,0.0
Data:,0.0
Data:,0.0
Data:,0.0
Data:,0.0
Data:,0.0
Data:,0.0
Data:,0.0
Data:,0.0
Data:,0.0
Data:,0.0
Data:,0.0
Data:,0.0
Data:,0.001
Data:,0.001
Data:,0.0
Data:,0.0
Data:,0.0
Data:,0.0
Data:,0.0
Data:,0.0
Data:,0.0
Data:,0.0
Data:,0.0
Data:,0.0
Data:,0.0
Data:,0.0
Data:,0.0
Data:,0.0
Data:,0.0
Data:,0.0
Data:,0.0
Data:,0.0
Data:,0.0
Data:,0.0
Data:,0.0
Data:,0.0
Data:,0.0
Data:,0.0
Data:,0.0
Data:,0.0
Data:,0.0
Data:,0.0
Data:,0.0
Data:,0.0
Data:,0.0
Data:,0.0
Data:,0.0
Data:,0.0
Data:,0.0
Data:,0.0
Data:,0.0
Data:,0.0
Data:,0.0
Data:,0.0
Data:,0.0
Data:,0.0
Data:,0.0
Data:,0.0
Data:,0.0
Data:,0.0
Data:,0.0
Data:,0.0
Data:,0.0
Data:,0.001
Data:,0.001
Data:,0.0
Data:,0.0
Data:,0.0
Data:,0.0
Data:,0.0
Data:,0.0
Data:,0.0
Data:,0.0
Data:,0.0
Data:,0.0
Data:,0.0
Data:,0.0
Data:,0.0
Data:,0.001
Data:,0.001
Data:,0.003
Data:,0.003
Data:,0.0
Data:,0.0
Data:,0.0
Data:,0.0
Data:,0.0
Data:,0.0
Data:,0.0
Data:,0.0
Data:,0.0
Data:,0.0
Data:,0.0
Data:,0.001
Data:,0.001
Data:,0.0
Data:,0.0
Data:,0.0
Data:,0.0
Data:,0.0
Data:,0.0
Data:,0.0
Data:,0.0
Data:,0.0
Data:,0.0
Data:,0.0
Data:,0.0
Data:,0.0
Data:,0.0
Data:,0.0
Data:,0.0
Data:,0.0
Data:,0.0
Data:,0.0
Data:,0.0
Data:,0.0
Data:,0.0
Data:,0.0
Data:,0.0
Data:,0.0
Data:,0.0
Data:,0.0
Data:,0.0
Data:,0.0
Data:,0.0
Data:,0.0
Data:,0.0
Data:,0.0
Data:,0.0
Data:,0.0
Data:,0.0
Data:,0.0
Data:,0.0
Data:,0.0
Data:,0.0
Data:,0.0
Data:,0.0
Data:,0.0
Data:,0.0
Data:,0.0
Data:,0.0
Data:,0.0
Data:,0.0
Data:,0.0
Data:,0.0
Data:,0.0
Data:,0.0
Data:,0.0
Data:,0.0
Data:,0.0
Data:,0.0
Data:,0.0
Data:,0.0
Data:,0.0
Data:,0.0
Data:,0.0
Data:,0.0
Data:,0.0
Data:,0.0
Data:,0.0
Data:,0.0
Data:,0.0
Data:,0.0
Data:,0.0
Data:,0.0
Data:,0.0
Data:,0.0
Data:,0.0
Data:,0.0
Data:,0.0
Data:,0.0
Data:,0.0
Data:,0.0
Data:,0.0
Data:,0.0
Data:,0.0
Data:,0.0
Data:,0.0
Data:,0.0
Data:,0.0
Data:,0.0
Data:,0.0
Data:,0.0
Data:,0.001
Data:,0.001
Data:,0.0
Data:,0.0
Data:,0.0
Data:,0.0
Data:,0.0
Data:,0.0
Data:,0.0
Data:,0.0
Data:,0.0
Data:,0.0
Data:,0.0
Data:,0.0
Data:,0.0
Data:,0.0
Data:,0.0
Data:,0.0
Data:,0.0
Data:,0.0
Data:,0.0
Data:,0.0
Data:,0.0
Data:,0.0
Data:,0.0
Data:,0.0
Data:,0.0
Data:,0.0
Data:,0.0
Data:,0.0
Data:,0.0
Data:,0.0
Data:,0.0
Data:,0.0
Data:,0.0
Data:,0.0
Data:,0.0
Data:,0.0
Data:,0.0
Data:,0.0
Data:,0.0
Data:,0.0
Data:,0.0
Data:,0.0
Data:,0.0
Data:,0.0
Data:,0.0
Data:,0.0
Data:,0.0
Data:,0.0
Data:,0.0
Data:,0.0
Data:,0.0
Data:,0.001
Data:,0.001
Data:,0.0
Data:,0.0
Data:,0.0
Data:,0.0
Data:,0.0
Data:,0.0
Data:,0.0
Data:,0.0
Data:,0.0
Data:,0.0
Data:,0.0
Data:,0.0
Data:,0.0
Data:,0.0
Data:,0.0
Data:,0.0
Data:,0.0
Data:,0.0
Data:,0.0
Data:,0.0
Data:,0.003
Data:,0.003
Data:,0.0
Data:,0.0
Data:,0.0
Data:,0.0
Data:,0.0
Data:,0.0
Data:,0.0
Data:,0.0
Data:,0.0
Data:,0.0
Data:,0.0
Data:,0.0
Data:,0.0
Data:,0.0
Data:,0.0
Data:,0.0
Data:,0.0
Data:,0.0
Data:,0.0
Data:,0.0
Data:,0.0
Data:,0.0
Data:,0.0
Data:,0.0
Data:,0.0
Data:,0.0
Data:,0.0
Data:,0.0
Data:,0.0
Data:,0.0
Data:,0.0
Data:,0.0
Data:,0.0
Data:,0.0
Data:,0.0
Data:,0.0
Data:,0.0
Data:,0.0
Data:,0.0
Data:,0.0
Data:,0.0
Data:,0.0
Data:,0.001
Data:,0.001
Data:,0.0
Data:,0.0
Data:,0.0
Data:,0.0
Data:,0.0
Data:,0.0
Data:,0.0
Data:,0.0
Data:,0.0
Data:,0.0
Data:,0.0
Data:,0.0
Data:,0.0
Data:,0.0
Data:,0.0
Data:,0.0
Data:,0.0
Data:,0.0
Data:,0.0
Data:,0.0
Data:,0.0
Data:,0.0
Data:,0.0
Data:,0.0
Data:,0.0
Data:,0.0
Data:,0.0
Data:,0.0
Data:,0.0
Data:,0.0
Data:,0.0
Data:,0.0
Data:,0.0
Data:,0.0
Data:,0.0
Data:,0.0
Data:,0.0
Data:,0.0
Data:,0.0
Data:,0.0
Data:,0.0
Data:,0.0
Data:,0.0
Data:,0.0
Data:,0.0
Data:,0.0
Data:,0.0
Data:,0.0
Data:,0.0
Data:,0.0
Data:,0.0
Data:,0.0
Data:,0.0
Data:,0.0
Data:,0.0
Data:,0.0
Data:,0.0
Data:,0.0
Data:,0.0
Data:,0.0
Data:,0.0
Data:,0.0
Data:,0.0
Data:,0.0
Data:,0.0
Data:,0.0
Data:,0.0
Data:,0.0
Data:,0.0
Data:,0.0
Data:,0.0
Data:,0.0
Data:,0.0
Data:,0.0
Data:,0.0
Data:,0.0
Data:,0.0
Data:,0.0
Data:,0.0
Data:,0.0
Data:,0.0
Data:,0.0
Data:,0.0
Data:,0.0
Data:,0.0
Data:,0.0
Data:,0.0
Data:,0.0
Data:,0.0
Data:,0.0
Data:,0.001
Data:,0.001
Data:,0.0
Data:,0.0
Data:,0.0
Data:,0.0
Data:,0.0
Data:,0.0
Data:,0.0
Data:,0.0
Data:,0.0
Data:,0.0
Data:,0.0
Data:,0.0
Data:,0.0
Data:,0.0
Data:,0.0
Data:,0.0
Data:,0.0
Data:,0.0
Data:,0.0
Data:,0.0
Data:,0.0
Data:,0.0
Data:,0.0
Data:,0.0
Data:,0.0
Data:,0.0
Data:,0.001
Data:,0.001
Data:,0.0
Data:,0.0
Data:,0.0
Data:,0.0
Data:,0.0
Data:,0.0
Data:,0.0
Data:,0.0
Data:,0.0
Data:,0.0
Data:,0.0
Data:,0.0
Data:,0.003
Data:,0.003
Data:,0.0
Data:,0.0
Data:,0.0
Data:,0.0
Data:,0.0
Data:,0.0
Data:,0.0
Data:,0.0
Data:,0.0
Data:,0.0
Data:,0.0
Data:,0.0
Data:,0.0
Data:,0.0
Data:,0.0
Data:,0.0
Data:,0.0
Data:,0.0
Data:,0.0
Data:,0.0
Data:,0.0
Data:,0.0
Data:,0.0
Data:,0.0
Data:,0.0
Data:,0.0
Data:,0.0
Data:,0.0
Data:,0.0
Data:,0.0
Data:,0.0
Data:,0.0
Data:,0.0
Data:,0.0
Data:,0.0
Data:,0.0
Data:,0.0
Data:,0.0
Data:,0.0
Data:,0.0
Data:,0.0
Data:,0.0
Data:,0.0
Data:,0.0
Data:,0.0
Data:,0.0
Data:,0.0
Data:,0.0
Data:,0.0
Data:,0.0
Data:,0.0
Data:,0.0
Data:,0.0
Data:,0.0
Data:,0.0
Data:,0.0
Data:,0.0
Data:,0.0
Data:,0.0
Data:,0.0
Data:,0.0
Data:,0.0
Data:,0.0
Data:,0.0
Data:,0.0
Data:,0.0
Data:,0.0
Data:,0.0
Data:,0.0
Data:,0.0
Data:,0.0
Data:,0.0
Data:,0.0
Data:,0.0
Data:,0.0
Data:,0.0
Data:,0.0
Data:,0.0
Data:,0.0
Data:,0.0
Data:,0.0
Data:,0.0
Data:,0.0
Data:,0.0
Data:,0.0
Data:,0.0
Data:,0.0
Data:,0.0
Data:,0.0
Data:,0.0
Data:,0.0
Data:,0.0
Data:,0.0
Data:,0.0
Data:,0.0
Data:,0.0
Data:,0.0
Data:,0.0
Data:,0.0
Data:,0.0
Data:,0.0
Data:,0.0
Data:,0.0
Data:,0.0
Data:,0.001
Data:,0.001
Data:,0.0
Data:,0.0
Data:,0.0
Data:,0.0
Data:,0.0
Data:,0.0
Data:,0.0
Data:,0.0
Data:,0.001
Data:,0.001
Data:,0.0
Data:,0.0
Data:,0.0
Data:,0.0
Data:,0.0
Data:,0.0
Data:,0.0
Data:,0.0
Data:,0.0
Data:,0.0
Data:,0.0
Data:,0.0
Data:,0.0
Data:,0.0
Data:,0.0
Data:,0.0
Data:,0.0
Data:,0.0
Data:,0.0
Data:,0.0
Data:,0.0
Data:,0.0
Data:,0.0
Data:,0.0
Data:,0.0
Data:,0.0
Data:,0.0
Data:,0.0
Data:,0.0
Data:,0.0
Data:,0.0
Data:,0.0
Data:,0.0
Data:,0.0
Data:,0.0
Data:,0.0
Data:,0.0
Data:,0.0
Data:,0.0
Data:,0.0
Data:,0.0
Data:,0.0
Data:,0.0
Data:,0.0
Data:,0.0
Data:,0.0
Data:,0.0
Data:,0.0
Data:,0.0
Data:,0.0
Data:,0.0
Data:,0.0
Data:,0.0
Data:,0.0
Data:,0.0
Data:,0.0
Data:,0.0
Data:,0.0
Data:,0.0
Data:,0.0
Data:,0.003
Data:,0.003
Data:,0.0
Data:,0.0
Data:,0.0
Data:,0.0
Data:,0.0
Data:,0.0
Data:,0.0
Data:,0.0
Data:,0.0
Data:,0.0
Data:,0.0
Data:,0.0
Data:,0.0
Data:,0.0
Data:,0.0
Data:,0.0
Data:,0.0
Data:,0.0
Data:,0.0
Data:,0.0
Data:,0.0
Data:,0.0
Data:,0.0
Data:,0.0
Data:,0.0
Data:,0.0
Data:,0.0
Data:,0.0
Data:,0.0
Data:,0.0
Data:,0.0
Data:,0.0
Data:,0.0
Data:,0.0
Data:,0.0
Data:,0.0
Data:,0.0
Data:,0.0
Data:,0.0
Data:,0.0
Data:,0.0
Data:,0.0
Data:,0.0
Data:,0.0
Data:,0.0
Data:,0.0
Data:,0.001
Data:,0.001
Data:,0.0
Data:,0.0
Data:,0.0
Data:,0.0
Data:,0.0
Data:,0.0
Data:,0.0
Data:,0.0
Data:,0.0
Data:,0.0
Data:,0.0
Data:,0.0
Data:,0.0
Data:,0.0
Data:,0.0
Data:,0.0
Data:,0.0
Data:,0.0
Data:,0.0
Data:,0.0
Data:,0.0
Data:,0.0
Data:,0.0
Data:,0.0
Data:,0.0
Data:,0.0
Data:,0.0
Data:,0.0
Data:,0.0
Data:,0.0
Data:,0.0
Data:,0.0
Data:,0.0
Data:,0.0
Data:,0.0
Data:,0.0
Data:,0.0
Data:,0.0
Data:,0.0
Data:,0.0
Data:,0.0
Data:,0.0
Data:,0.0
Data:,0.0
Data:,0.0
Data:,0.001
Data:,0.001
Data:,0.0
Data:,0.0
Data:,0.0
Data:,0.0
Data:,0.0
Data:,0.0
Data:,0.0
Data:,0.0
Data:,0.0
Data:,0.0
Data:,0.0
Data:,0.0
Data:,0.0
Data:,0.0
Data:,0.0
Data:,0.0
Data:,0.0
Data:,0.0
Data:,0.0
Data:,0.0
Data:,0.0
Data:,0.0
Data:,0.0
Data:,0.0
Data:,0.0
Data:,0.0
Data:,0.0
Data:,0.0
Data:,0.0
Data:,0.0
Data:,0.0
Data:,0.0
Data:,0.0
Data:,0.0
Data:,0.0
Data:,0.0
Data:,0.0
Data:,0.0
Data:,0.0
Data:,0.0
Data:,0.0
Data:,0.0
Data:,0.0
Data:,0.0
Data:,0.0
Data:,0.0
Data:,0.0
Data:,0.0
Data:,0.0
Data:,0.0
Data:,0.0
Data:,0.0
Data:,0.0
Data:,0.001
Data:,0.001
Data:,0.001
Data:,0.001
Data:,0.0
Data:,0.0
Data:,0.0
Data:,0.0
Data:,0.0
Data:,0.0
Data:,0.0
Data:,0.0
Data:,0.0
Data:,0.0
Data:,0.0
Data:,0.0
Data:,0.0
Data:,0.0
Data:,0.001
Data:,0.001
Data:,0.0
Data:,0.0
Data:,0.0
Data:,0.0
Data:,0.0
Data:,0.0
Data:,0.0
Data:,0.003
Data:,0.003
Data:,0.0
Data:,0.0
Data:,0.0
Data:,0.0
Data:,0.0
Data:,0.0
Data:,0.0
Data:,0.0
Data:,0.0
Data:,0.0
Data:,0.0
Data:,0.0
Data:,0.0
Data:,0.0
Data:,0.0
Data:,0.0
Data:,0.0
Data:,0.0
Data:,0.0
Data:,0.0
Data:,0.0
Data:,0.0
Data:,0.0
Data:,0.0
Data:,0.0
Data:,0.0
Data:,0.0
Data:,0.0
Data:,0.0
Data:,0.0
Data:,0.0
Data:,0.0
Data:,0.0
Data:,0.0
Data:,0.0
Data:,0.0
Data:,0.0
Data:,0.0
Data:,0.0
Data:,0.0
Data:,0.0
Data:,0.0
Data:,0.0
Data:,0.0
Data:,0.0
Data:,0.0
Data:,0.0
Data:,0.0
Data:,0.0
Data:,0.0
Data:,0.0
Data:,0.0
Data:,0.0
Data:,0.0
Data:,0.0
Data:,0.0
Data:,0.0
Data:,0.0
Data:,0.0
Data:,0.0
Data:,0.0
Data:,0.0
Data:,0.0
Data:,0.0
Data:,0.0
Data:,0.0
Data:,0.0
Data:,0.0
Data:,0.0
Data:,0.0
Data:,0.0
Data:,0.0
Data:,0.0
Data:,0.0
Data:,0.001
Data:,0.001
Data:,0.0
Data:,0.0
Data:,0.0
Data:,0.001
Data:,0.001
Data:,0.0
Data:,0.0
Data:,0.0
Data:,0.0
Data:,0.0
Data:,0.0
Data:,0.0
Data:,0.0
Data:,0.0
Data:,0.0
Data:,0.0
Data:,0.0
Data:,0.0
Data:,0.0
Data:,0.0
Data:,0.0
Data:,0.0
Data:,0.0
Data:,0.0
Data:,0.0
Data:,0.0
Data:,0.0
Data:,0.0
Data:,0.0
Data:,0.0
Data:,0.0
Data:,0.0
Data:,0.0
Data:,0.001
Data:,0.001
Data:,0.0
Data:,0.0
Data:,0.0
Data:,0.0
Data:,0.0
Data:,0.0
Data:,0.0
Data:,0.0
Data:,0.0
Data:,0.0
Data:,0.0
Data:,0.0
Data:,0.0
Data:,0.0
Data:,0.0
Data:,0.0
Data:,0.0
Data:,0.0
Data:,0.0
Data:,0.0
Data:,0.0
Data:,0.0
Data:,0.0
Data:,0.0
Data:,0.0
Data:,0.0
Data:,0.0
Data:,0.0
Data:,0.0
Data:,0.0
Data:,0.0
Data:,0.0
Data:,0.0
Data:,0.0
Data:,0.0
Data:,0.0
Data:,0.0
Data:,0.0
Data:,0.0
Data:,0.0
Data:,0.0
Data:,0.0
Data:,0.0
Data:,0.0
Data:,0.0
Data:,0.0
Data:,0.0
Data:,0.0
Data:,0.0
Data:,0.0
Data:,0.0
Data:,0.0
Data:,0.0
Data:,0.0
Data:,0.0
Data:,0.0
Data:,0.0
Data:,0.0
Data:,0.0
Data:,0.0
Data:,0.0
Data:,0.0
Data:,0.0
Data:,0.0
Data:,0.0
Data:,0.003
Data:,0.003
Data:,0.0
Data:,0.0
Data:,0.0
Data:,0.0
Data:,0.0
Data:,0.0
Data:,0.0
Data:,0.0
Data:,0.0
Data:,0.0
Data:,0.0
Data:,0.0
Data:,0.0
Data:,0.0
Data:,0.0
Data:,0.0
Data:,0.0
Data:,0.0
Data:,0.0
Data:,0.0
Data:,0.0
Data:,0.0
Data:,0.0
Data:,0.0
Data:,0.0
Data:,0.0
Data:,0.0
Data:,0.0
Data:,0.0
Data:,0.0
Data:,0.0
Data:,0.0
Data:,0.0
Data:,0.0
Data:,0.0
Data:,0.0
Data:,0.0
Data:,0.0
Data:,0.0
Data:,0.0
Data:,0.0
Data:,0.0
Data:,0.0
Data:,0.0
Data:,0.0
Data:,0.0
Data:,0.0
Data:,0.0
Data:,0.0
Data:,0.0
Data:,0.0
Data:,0.001
Data:,0.001
Data:,0.0
Data:,0.001
Data:,0.001
Data:,0.0
Data:,0.0
Data:,0.0
Data:,0.0
Data:,0.0
Data:,0.0
Data:,0.0
Data:,0.0
Data:,0.0
Data:,0.0
Data:,0.0
Data:,0.0
Data:,0.0
Data:,0.0
Data:,0.0
Data:,0.0
Data:,0.0
Data:,0.0
Data:,0.0
Data:,0.0
Data:,0.0
Data:,0.0
Data:,0.0
Data:,0.0
Data:,0.0
Data:,0.0
Data:,0.0
Data:,0.0
Data:,0.0
Data:,0.0
Data:,0.0
Data:,0.0
Data:,0.0
Data:,0.0
Data:,0.0
Data:,0.0
Data:,0.0
Data:,0.0
Data:,0.0
Data:,0.0
Data:,0.0
Data:,0.0
Data:,0.0
Data:,0.0
Data:,0.0
Data:,0.0
Data:,0.0
Data:,0.0
Data:,0.0
Data:,0.0
Data:,0.0
Data:,0.0
Data:,0.0
Data:,0.0
Data:,0.0
Data:,0.0
Data:,0.0
Data:,0.0
Data:,0.0
Data:,0.0
Data:,0.0
Data:,0.0
Data:,0.0
Data:,0.0
Data:,0.0
Data:,0.0
Data:,0.0
Data:,0.0
Data:,0.0
Data:,0.0
Data:,0.0
Data:,0.0
Data:,0.0
Data:,0.0
Data:,0.0
Data:,0.0
Data:,0.0
Data:,0.0
Data:,0.0
Data:,0.0
Data:,0.0
Data:,0.0
Data:,0.0
Data:,0.0
Data:,0.0
Data:,0.0
Data:,0.0
Data:,0.0
Data:,0.0
Data:,0.0
Data:,0.0
Data:,0.0
Data:,0.0
Data:,0.0
Data:,0.0
Data:,0.0
Data:,0.0
Data:,0.0
Data:,0.0
Data:,0.0
Data:,0.0
Data:,0.0
Data:,0.0
Data:,0.0
Data:,0.0
Data:,0.0
Data:,0.0
Data:,0.0
Data:,0.0
Data:,0.0
Data:,0.0
Data:,0.0
Data:,0.0
Data:,0.0
Data:,0.0
Data:,0.001
Data:,0.001
Data:,0.0
Data:,0.0
Data:,0.0
Data:,0.003
Data:,0.003
Data:,0.0
Data:,0.0
Data:,0.0
Data:,0.0
Data:,0.0
Data:,0.0
Data:,0.0
Data:,0.0
Data:,0.0
Data:,0.0
Data:,0.0
Data:,0.0
Data:,0.0
Data:,0.0
Data:,0.0
Data:,0.0
Data:,0.0
Data:,0.0
Data:,0.0
Data:,0.0
Data:,0.0
Data:,0.0
Data:,0.0
Data:,0.0
Data:,0.0
Data:,0.0
Data:,0.0
Data:,0.0
Data:,0.0
Data:,0.0
Data:,0.0
Data:,0.0
Data:,0.0
Data:,0.001
Data:,0.001
Data:,0.0
Data:,0.0
Data:,0.0
Data:,0.0
Data:,0.0
Data:,0.0
Data:,0.0
Data:,0.0
Data:,0.0
Data:,0.0
Data:,0.0
Data:,0.0
Data:,0.0
Data:,0.0
Data:,0.001
Data:,0.001
Data:,0.0
Data:,0.0
Data:,0.0
Data:,0.0
Data:,0.0
Data:,0.0
Data:,0.0
Data:,0.0
Data:,0.0
Data:,0.0
Data:,0.0
Data:,0.0
Data:,0.0
Data:,0.0
Data:,0.0
Data:,0.0
Data:,0.0
Data:,0.0
Data:,0.0
Data:,0.0
Data:,0.0
Data:,0.0
Data:,0.0
Data:,0.0
Data:,0.0
Data:,0.0
Data:,0.0
Data:,0.0
Data:,0.0
Data:,0.0
Data:,0.0
Data:,0.0
Data:,0.0
Data:,0.0
Data:,0.0
Data:,0.0
Data:,0.0
Data:,0.0
Data:,0.0
Data:,0.0
Data:,0.0
Data:,0.0
Data:,0.0
Data:,0.0
Data:,0.0
Data:,0.0
Data:,0.0
Data:,0.0
Data:,0.0
Data:,0.0
Data:,0.0
Data:,0.0
Data:,0.0
Data:,0.0
Data:,0.0
Data:,0.0
Data:,0.0
Data:,0.0
Data:,0.0
Data:,0.0
Data:,0.0
Data:,0.0
Data:,0.001
Data:,0.001
Data:,0.0
Data:,0.0
Data:,0.0
Data:,0.0
Data:,0.0
Data:,0.0
Data:,0.0
Data:,0.0
Data:,0.0
Data:,0.0
Data:,0.0
Data:,0.0
Data:,0.0
Data:,0.0
Data:,0.0
Data:,0.0
Data:,0.0
Data:,0.0
Data:,0.0
Data:,0.0
Data:,0.0
Data:,0.0
Data:,0.0
Data:,0.0
Data:,0.0
Data:,0.0
Data:,0.0
Data:,0.0
Data:,0.0
Data:,0.0
Data:,0.0
Data:,0.0
Data:,0.0
Data:,0.0
Data:,0.0
Data:,0.0
Data:,0.0
Data:,0.0
Data:,0.0
Data:,0.0
Data:,0.0
Data:,0.0
Data:,0.0
Data:,0.0
Data:,0.0
Data:,0.0
Data:,0.0
Data:,0.0
Data:,0.0
Data:,0.0
Data:,0.0
Data:,0.0
Data:,0.0
Data:,0.0
Data:,0.0
Data:,0.0
Data:,0.0
Data:,0.0
Data:,0.0
Data:,0.0
Data:,0.003
Data:,0.003
Data:,0.0
Data:,0.0
Data:,0.0
Data:,0.0
Data:,0.0
Data:,0.0
Data:,0.0
Data:,0.0
Data:,0.0
Data:,0.0
Data:,0.0
Data:,0.0
Data:,0.0
Data:,0.0
Data:,0.001
Data:,0.001
Data:,0.0
Data:,0.0
Data:,0.0
Data:,0.0
Data:,0.0
Data:,0.0
Data:,0.0
Data:,0.0
Data:,0.0
Data:,0.0
Data:,0.0
Data:,0.0
Data:,0.0
Data:,0.0
Data:,0.0
Data:,0.0
Data:,0.0
Data:,0.0
Data:,0.0
Data:,0.0
Data:,0.0
Data:,0.0
Data:,0.0
Data:,0.0
Data:,0.0
Data:,0.0
Data:,0.0
Data:,0.0
Data:,0.0
Data:,0.0
Data:,0.0
Data:,0.0
Data:,0.0
Data:,0.0
Data:,0.0
Data:,0.0
Data:,0.0
Data:,0.0
Data:,0.0
Data:,0.0
Data:,0.001
Data:,0.001
Data:,0.0
Data:,0.0
Data:,0.0
Data:,0.0
Data:,0.0
Data:,0.0
Data:,0.0
Data:,0.0
Data:,0.0
Data:,0.0
Data:,0.0
Data:,0.0
Data:,0.0
Data:,0.0
Data:,0.0
Data:,0.0
Data:,0.0
Data:,0.0
Data:,0.0
Data:,0.0
Data:,0.0
Data:,0.0
Data:,0.0
Data:,0.0
Data:,0.0
Data:,0.0
Data:,0.0
Data:,0.0
Data:,0.0
Data:,0.0
Data:,0.0
Data:,0.0
Data:,0.0
Data:,0.0
Data:,0.0
Data:,0.0
Data:,0.0
Data:,0.0
Data:,0.0
Data:,0.0
Data:,0.0
Data:,0.0
Data:,0.0
Data:,0.0
Data:,0.0
Data:,0.0
Data:,0.0
Data:,0.0
Data:,0.0
Data:,0.0
Data:,0.0
Data:,0.0
Data:,0.0
Data:,0.0
Data:,0.0
Data:,0.0
Data:,0.0
Data:,0.0
Data:,0.0
Data:,0.0
Data:,0.0
Data:,0.0
Data:,0.0
Data:,0.0
Data:,0.0
Data:,0.0
Data:,0.001
Data:,0.001
Data:,0.0
Data:,0.0
Data:,0.0
Data:,0.0
Data:,0.0
Data:,0.0
Data:,0.0
Data:,0.0
Data:,0.0
Data:,0.0
Data:,0.0
Data:,0.0
Data:,0.0
Data:,0.0
Data:,0.0
Data:,0.0
Data:,0.0
Data:,0.0
Data:,0.0
Data:,0.0
Data:,0.0
Data:,0.0
Data:,0.0
Data:,0.0
Data:,0.0
Data:,0.0
Data:,0.0
Data:,0.0
Data:,0.0
Data:,0.0
Data:,0.0
Data:,0.0
Data:,0.0
Data:,0.0
Data:,0.0
Data:,0.0
Data:,0.0
Data:,0.0
Data:,0.0
Data:,0.0
Data:,0.0
Data:,0.0
Data:,0.0
Data:,0.0
Data:,0.0
Data:,0.0
Data:,0.001
Data:,0.001
Data:,0.0
Data:,0.0
Data:,0.004
Data:,0.004
Data:,0.0
Data:,0.0
Data:,0.0
Data:,0.0
Data:,0.0
Data:,0.0
Data:,0.0
Data:,0.0
Data:,0.0
Data:,0.0
Data:,0.0
Data:,0.0
Data:,0.0
Data:,0.0
Data:,0.0
Data:,0.0
Data:,0.0
Data:,0.0
Data:,0.0
Data:,0.0
Data:,0.0
Data:,0.0
Data:,0.0
Data:,0.0
Data:,0.0
Data:,0.0
Data:,0.0
Data:,0.0
Data:,0.0
Data:,0.0
Data:,0.0
Data:,0.0
Data:,0.0
Data:,0.0
Data:,0.0
Data:,0.0
Data:,0.0
Data:,0.0
Data:,0.0
Data:,0.0
Data:,0.0
Data:,0.0
Data:,0.0
Data:,0.0
Data:,0.0
Data:,0.0
Data:,0.0
Data:,0.0
Data:,0.0
Data:,0.0
Data:,0.0
Data:,0.0
Data:,0.0
Data:,0.0
Data:,0.0
Data:,0.0
Data:,0.0
Data:,0.0
Data:,0.0
Data:,0.0
Data:,0.0
Data:,0.0
Data:,0.0
Data:,0.0
Data:,0.0
Data:,0.0
Data:,0.0
Data:,0.0
Data:,0.0
Data:,0.0
Data:,0.0
Data:,0.0
Data:,0.0
Data:,0.0
Data:,0.0
Data:,0.0
Data:,0.0
Data:,0.0
Data:,0.0
Data:,0.0
Data:,0.0
Data:,0.0
Data:,0.0
Data:,0.0
Data:,0.0
Data:,0.0
Data:,0.0
Data:,0.0
Data:,0.0
Data:,0.0
Data:,0.0
Data:,0.0
Data:,0.0
Data:,0.0
Data:,0.0
Data:,0.0
Data:,0.0
Data:,0.0
Data:,0.0
Data:,0.0
Data:,0.0
Data:,0.0
Data:,0.0
Data:,0.0
Data:,0.0
Data:,0.0
Data:,0.0
Data:,0.0
Data:,0.0
Data:,0.0
Data:,0.0
Data:,0.0
Data:,0.0
Data:,0.0
Data:,0.0
Data:,0.0
Data:,0.0
Data:,0.0
Data:,0.001
Data:,0.001
Data:,0.0
Data:,0.0
Data:,0.0
Data:,0.0
Data:,0.0
Data:,0.0
Data:,0.0
Data:,0.0
Data:,0.0
Data:,0.0
Data:,0.0
Data:,0.0
Data:,0.0
Data:,0.0
Data:,0.0
Data:,0.0
Data:,0.0
Data:,0.0
Data:,0.0
Data:,0.0
Data:,0.0
Data:,0.0
Data:,0.0
Data:,0.0
Data:,0.0
Data:,0.0
Data:,0.0
Data:,0.0
Data:,0.0
Data:,0.0
Data:,0.0
Data:,0.0
Data:,0.001
Data:,0.001
Data:,0.0
Data:,0.0
Data:,0.0
Data:,0.0
Data:,0.0
Data:,0.0
Data:,0.0
Data:,0.0
Data:,0.0
Data:,0.0
Data:,0.0
Data:,0.0
Data:,0.0
Data:,0.0
Data:,0.0
Data:,0.0
Data:,0.0
Data:,0.0
Data:,0.0
Data:,0.0
Data:,0.0
Data:,0.0
Data:,0.003
Data:,0.003
Data:,0.0
Data:,0.0
Data:,0.0
Data:,0.0
Data:,0.0
Data:,0.0
Data:,0.0
Data:,0.0
Data:,0.0
Data:,0.0
Data:,0.0
Data:,0.0
Data:,0.0
Data:,0.0
Data:,0.0
Data:,0.0
Data:,0.0
Data:,0.0
Data:,0.0
Data:,0.0
Data:,0.0
Data:,0.0
Data:,0.0
Data:,0.0
Data:,0.0
Data:,0.0
Data:,0.0
Data:,0.0
Data:,0.0
Data:,0.0
Data:,0.0
Data:,0.0
Data:,0.0
Data:,0.0
Data:,0.0
Data:,0.0
Data:,0.0
Data:,0.0
Data:,0.0
Data:,0.0
Data:,0.0
Data:,0.0
Data:,0.0
Data:,0.0
Data:,0.0
Data:,0.0
Data:,0.0
Data:,0.0
Data:,0.0
Data:,0.0
Data:,0.0
Data:,0.0
Data:,0.0
Data:,0.0
Data:,0.0
Data:,0.0
Data:,0.0
Data:,0.0
Data:,0.0
Data:,0.0
Data:,0.001
Data:,0.001
Data:,0.0
Data:,0.0
Data:,0.0
Data:,0.0
Data:,0.0
Data:,0.0
Data:,0.0
Data:,0.0
Data:,0.0
Data:,0.0
Data:,0.0
Data:,0.0
Data:,0.0
Data:,0.0
Data:,0.0
Data:,0.0
Data:,0.0
Data:,0.0
Data:,0.0
Data:,0.0
Data:,0.0
Data:,0.0
Data:,0.0
Data:,0.0
Data:,0.0
Data:,0.0
Data:,0.0
Data:,0.0
Data:,0.0
Data:,0.0
Data:,0.0
Data:,0.0
Data:,0.0
Data:,0.0
Data:,0.0
Data:,0.0
Data:,0.0
Data:,0.0
Data:,0.0
Data:,0.0
Data:,0.0
Data:,0.0
Data:,0.0
Data:,0.0
Data:,0.0
Data:,0.0
Data:,0.0
Data:,0.0
Data:,0.0
Data:,0.0
Data:,0.0
Data:,0.0
Data:,0.0
Data:,0.0
Data:,0.0
Data:,0.0
Data:,0.0
Data:,0.0
Data:,0.0
Data:,0.0
Data:,0.0
Data:,0.0
Data:,0.0
Data:,0.0
Data:,0.0
Data:,0.0
Data:,0.0
Data:,0.0
Data:,0.0
Data:,0.0
Data:,0.001
Data:,0.001
Data:,0.0
Data:,0.0
Data:,0.0
Data:,0.0
Data:,0.0
Data:,0.0
Data:,0.0
Data:,0.0
Data:,0.0
Data:,0.0
Data:,0.0
Data:,0.0
Data:,0.0
Data:,0.0
Data:,0.0
Data:,0.0
Data:,0.0
Data:,0.0
Data:,0.0
Data:,0.0
Data:,0.0
Data:,0.0
Data:,0.0
Data:,0.0
Data:,0.0
Data:,0.0
Data:,0.0
Data:,0.0
Data:,0.0
Data:,0.0
Data:,0.0
Data:,0.0
Data:,0.0
Data:,0.0
Data:,0.0
Data:,0.0
Data:,0.0
Data:,0.0
Data:,0.0
Data:,0.0
Data:,0.0
Data:,0.0
Data:,0.004
Data:,0.004
Data:,0.0
Data:,0.001
Data:,0.001
Data:,0.0
Data:,0.0
Data:,0.0
Data:,0.0
Data:,0.0
Data:,0.0
Data:,0.0
Data:,0.0
Data:,0.0
Data:,0.0
Data:,0.0
Data:,0.0
Data:,0.0
Data:,0.0
Data:,0.0
Data:,0.0
Data:,0.0
Data:,0.0
Data:,0.0
Data:,0.0
Data:,0.0
Data:,0.0
Data:,0.0
Data:,0.0
Data:,0.0
Data:,0.0
Data:,0.0
Data:,0.0
Data:,0.0
Data:,0.0
Data:,0.0
Data:,0.0
Data:,0.0
Data:,0.0
Data:,0.0
Data:,0.0
Data:,0.0
Data:,0.0
Data:,0.0
Data:,0.0
Data:,0.0
Data:,0.0
Data:,0.0
Data:,0.0
Data:,0.0
Data:,0.0
Data:,0.0
Data:,0.0
Data:,0.0
Data:,0.0
Data:,0.0
Data:,0.0
Data:,0.0
Data:,0.0
Data:,0.0
Data:,0.0
Data:,0.0
Data:,0.0
Data:,0.0
Data:,0.0
Data:,0.0
Data:,0.0
Data:,0.0
Data:,0.0
Data:,0.0
Data:,0.0
Data:,0.0
Data:,0.0
Data:,0.0
Data:,0.0
Data:,0.0
Data:,0.0
Data:,0.0
Data:,0.0
Data:,0.0
Data:,0.0
Data:,0.0
Data:,0.0
Data:,0.0
Data:,0.0
Data:,0.0
Data:,0.0
Data:,0.0
Data:,0.0
Data:,0.0
Data:,0.0
Data:,0.0
Data:,0.0
Data:,0.0
Data:,0.0
Data:,0.0
Data:,0.0
Data:,0.0
Data:,0.0
Data:,0.0
Data:,0.001
Data:,0.001
Data:,0.001
Data:,0.0
Data:,0.0
Data:,0.0
Data:,0.0
Data:,0.0
Data:,0.0
Data:,0.0
Data:,0.0
Data:,0.0
Data:,0.0
Data:,0.0
Data:,0.001
Data:,0.001
Data:,0.0
Data:,0.0
Data:,0.0
Data:,0.0
Data:,0.0
Data:,0.0
Data:,0.0
Data:,0.001
Data:,0.001
Data:,0.0
Data:,0.0
Data:,0.0
Data:,0.0
Data:,0.0
Data:,0.0
Data:,0.0
Data:,0.0
Data:,0.0
Data:,0.0
Data:,0.0
Data:,0.0
Data:,0.0
Data:,0.0
Data:,0.0
Data:,0.0
Data:,0.0
Data:,0.0
Data:,0.0
Data:,0.0
Data:,0.0
Data:,0.0
Data:,0.0
Data:,0.0
Data:,0.0
Data:,0.0
Data:,0.0
Data:,0.0
Data:,0.0
Data:,0.0
Data:,0.0
Data:,0.0
Data:,0.0
Data:,0.0
Data:,0.0
Data:,0.0
Data:,0.0
Data:,0.0
Data:,0.0
Data:,0.0
Data:,0.0
Data:,0.0
Data:,0.0
Data:,0.0
Data:,0.0
Data:,0.0
Data:,0.0
Data:,0.0
Data:,0.0
Data:,0.0
Data:,0.0
Data:,0.0
Data:,0.0
Data:,0.003
Data:,0.003
Data:,0.0
Data:,0.0
Data:,0.0
Data:,0.0
Data:,0.0
Data:,0.0
Data:,0.0
Data:,0.0
Data:,0.0
Data:,0.0
Data:,0.0
Data:,0.0
Data:,0.0
Data:,0.0
Data:,0.0
Data:,0.0
Data:,0.0
Data:,0.0
Data:,0.0
Data:,0.0
Data:,0.0
Data:,0.0
Data:,0.0
Data:,0.0
Data:,0.0
Data:,0.0
Data:,0.0
Data:,0.0
Data:,0.0
Data:,0.0
Data:,0.0
Data:,0.0
Data:,0.0
Data:,0.0
Data:,0.0
Data:,0.0
Data:,0.0
Data:,0.0
Data:,0.0
Data:,0.0
Data:,0.0
Data:,0.0
Data:,0.0
Data:,0.0
Data:,0.0
Data:,0.0
Data:,0.0
Data:,0.0
Data:,0.0
Data:,0.0
Data:,0.0
Data:,0.0
Data:,0.0
Data:,0.0
Data:,0.0
Data:,0.0
Data:,0.0
Data:,0.0
Data:,0.0
Data:,0.0
Data:,0.0
Data:,0.0
Data:,0.0
Data:,0.001
Data:,0.001
Data:,0.0
Data:,0.0
Data:,0.0
Data:,0.0
Data:,0.0
Data:,0.0
Data:,0.0
Data:,0.0
Data:,0.0
Data:,0.0
Data:,0.0
Data:,0.0
Data:,0.0
Data:,0.0
Data:,0.0
Data:,0.0
Data:,0.0
Data:,0.0
Data:,0.0
Data:,0.0
Data:,0.0
Data:,0.0
Data:,0.0
Data:,0.0
Data:,0.0
Data:,0.0
Data:,0.0
Data:,0.001
Data:,0.001
Data:,0.0
Data:,0.0
Data:,0.0
Data:,0.0
Data:,0.0
Data:,0.0
Data:,0.0
Data:,0.0
Data:,0.0
Data:,0.0
Data:,0.0
Data:,0.0
Data:,0.0
Data:,0.0
Data:,0.0
Data:,0.0
Data:,0.0
Data:,0.0
Data:,0.0
Data:,0.0
Data:,0.0
Data:,0.0
Data:,0.0
Data:,0.0
Data:,0.0
Data:,0.0
Data:,0.0
Data:,0.0
Data:,0.0
Data:,0.0
Data:,0.0
Data:,0.0
Data:,0.0
Data:,0.0
Data:,0.0
Data:,0.0
Data:,0.0
Data:,0.0
Data:,0.0
Data:,0.0
Data:,0.0
Data:,0.0
Data:,0.0
Data:,0.0
Data:,0.0
Data:,0.0
Data:,0.0
Data:,0.0
Data:,0.0
Data:,0.0
Data:,0.0
Data:,0.0
Data:,0.0
Data:,0.0
Data:,0.0
Data:,0.0
Data:,0.0
Data:,0.0
Data:,0.0
Data:,0.0
Data:,0.0
Data:,0.0
Data:,0.0
Data:,0.0
Data:,0.0
Data:,0.0
Data:,0.0
Data:,0.0
Data:,0.0
Data:,0.0
Data:,0.0
Data:,0.0
Data:,0.0
Data:,0.0
Data:,0.0
Data:,0.0
Data:,0.0
Data:,0.0
Data:,0.0
Data:,0.0
Data:,0.0
Data:,0.0
Data:,0.004
Data:,0.004
Data:,0.0
Data:,0.0
Data:,0.0
Data:,0.0
Data:,0.0
Data:,0.001
Data:,0.001
Data:,0.0
Data:,0.0
Data:,0.0
Data:,0.0
Data:,0.0
Data:,0.0
Data:,0.0
Data:,0.0
Data:,0.0
Data:,0.0
Data:,0.0
Data:,0.0
Data:,0.0
Data:,0.0
Data:,0.0
Data:,0.0
Data:,0.0
Data:,0.0
Data:,0.0
Data:,0.0
Data:,0.0
Data:,0.0
Data:,0.0
Data:,0.0
Data:,0.0
Data:,0.0
Data:,0.0
Data:,0.0
Data:,0.0
Data:,0.0
Data:,0.0
Data:,0.0
Data:,0.0
Data:,0.0
Data:,0.0
Data:,0.0
Data:,0.0
Data:,0.0
Data:,0.0
Data:,0.0
Data:,0.0
Data:,0.0
Data:,0.0
Data:,0.0
Data:,0.0
Data:,0.0
Data:,0.0
Data:,0.0
Data:,0.0
Data:,0.0
Data:,0.0
Data:,0.0
Data:,0.0
Data:,0.0
Data:,0.0
Data:,0.0
Data:,0.0
Data:,0.0
Data:,0.0
Data:,0.0
Data:,0.0
Data:,0.0
Data:,0.0
Data:,0.0
Data:,0.0
Data:,0.001
Data:,0.001
Data:,0.0
Data:,0.0
Data:,0.0
Data:,0.0
Data:,0.0
Data:,0.0
Data:,0.0
Data:,0.0
Data:,0.0
Data:,0.0
Data:,0.0
Data:,0.0
Data:,0.0
Data:,0.0
Data:,0.0
Data:,0.0
Data:,0.0
Data:,0.0
Data:,0.0
Data:,0.0
Data:,0.0
Data:,0.0
Data:,0.0
Data:,0.0
Data:,0.0
Data:,0.0
Data:,0.0
Data:,0.0
Data:,0.0
Data:,0.0
Data:,0.0
Data:,0.0
Data:,0.0
Data:,0.0
Data:,0.0
Data:,0.0
Data:,0.0
Data:,0.0
Data:,0.0
Data:,0.0
Data:,0.0
Data:,0.0
Data:,0.0
Data:,0.0
Data:,0.0
Data:,0.0
Data:,0.0
Data:,0.0
Data:,0.0
Data:,0.0
Data:,0.001
Data:,0.001
Data:,0.0
Data:,0.0
Data:,0.0
Data:,0.0
Data:,0.0
Data:,0.0
Data:,0.0
Data:,0.0
Data:,0.0
Data:,0.0
Data:,0.0
Data:,0.0
Data:,0.0
Data:,0.0
Data:,0.0
Data:,0.0
Data:,0.0
Data:,0.0
Data:,0.0
Data:,0.0
Data:,0.0
Data:,0.0
Data:,0.0
Data:,0.0
Data:,0.0
Data:,0.0
Data:,0.0
Data:,0.0
Data:,0.0
Data:,0.0
Data:,0.0
Data:,0.0
Data:,0.0
Data:,0.0
Data:,0.0
Data:,0.0
Data:,0.0
Data:,0.0
Data:,0.0
Data:,0.0
Data:,0.0
Data:,0.0
Data:,0.0
Data:,0.0
Data:,0.0
Data:,0.0
Data:,0.0
Data:,0.0
Data:,0.0
Data:,0.0
Data:,0.003
Data:,0.003
Data:,0.0
Data:,0.0
Data:,0.0
Data:,0.0
Data:,0.0
Data:,0.0
Data:,0.0
Data:,0.0
Data:,0.0
Data:,0.0
Data:,0.0
Data:,0.0
Data:,0.0
Data:,0.0
Data:,0.0
Data:,0.0
Data:,0.0
Data:,0.0
Data:,0.0
Data:,0.0
Data:,0.0
Data:,0.0
Data:,0.0
Data:,0.0
Data:,0.0
Data:,0.0
Data:,0.0
Data:,0.0
Data:,0.0
Data:,0.0
Data:,0.0
Data:,0.0
Data:,0.0
Data:,0.0
Data:,0.0
Data:,0.0
Data:,0.0
Data:,0.0
Data:,0.0
Data:,0.0
Data:,0.0
Data:,0.0
Data:,0.0
Data:,0.0
Data:,0.0
Data:,0.0
Data:,0.0
Data:,0.0
Data:,0.0
Data:,0.0
Data:,0.0
Data:,0.0
Data:,0.001
Data:,0.001
Data:,0.0
Data:,0.0
Data:,0.0
Data:,0.0
Data:,0.0
Data:,0.0
Data:,0.0
Data:,0.0
Data:,0.0
Data:,0.0
Data:,0.0
Data:,0.0
Data:,0.001
Data:,0.001
Data:,0.0
Data:,0.0
Data:,0.0
Data:,0.0
Data:,0.0
Data:,0.0
Data:,0.0
Data:,0.0
Data:,0.0
Data:,0.0
Data:,0.0
Data:,0.0
Data:,0.0
Data:,0.0
Data:,0.0
Data:,0.0
Data:,0.0
Data:,0.0
Data:,0.0
Data:,0.0
Data:,0.0
Data:,0.0
Data:,0.0
Data:,0.0
Data:,0.0
Data:,0.0
Data:,0.0
Data:,0.0
Data:,0.0
Data:,0.0
Data:,0.0
Data:,0.0
Data:,0.0
Data:,0.0
Data:,0.0
Data:,0.0
Data:,0.0
Data:,0.0
Data:,0.0
Data:,0.0
Data:,0.0
Data:,0.0
Data:,0.0
Data:,0.0
Data:,0.0
Data:,0.0
Data:,0.0
Data:,0.0
Data:,0.0
Data:,0.0
Data:,0.0
Data:,0.0
Data:,0.0
Data:,0.0
Data:,0.0
Data:,0.0
Data:,0.0
Data:,0.0
Data:,0.0
Data:,0.0
Data:,0.0
Data:,0.0
Data:,0.0
Data:,0.0
Data:,0.0
Data:,0.0
Data:,0.0
Data:,0.0
Data:,0.0
Data:,0.0
Data:,0.0
Data:,0.0
Data:,0.0
Data:,0.0
Data:,0.0
Data:,0.0
Data:,0.0
Data:,0.0
Data:,0.0
Data:,0.0
Data:,0.0
Data:,0.0
Data:,0.0
Data:,0.0
Data:,0.0
Data:,0.0
Data:,0.0
Data:,0.0
Data:,0.0
Data:,0.0
Data:,0.0
Data:,0.0
Data:,0.0
Data:,0.0
Data:,0.0
Data:,0.0
Data:,0.0
Data:,0.0
Data:,0.0
Data:,0.0
Data:,0.0
Data:,0.0
Data:,0.0
Data:,0.0
Data:,0.0
Data:,0.0
Data:,0.0
Data:,0.0
Data:,0.003
Data:,0.003
Data:,0.0
Data:,0.0
Data:,0.0
Data:,0.0
Data:,0.0
Data:,0.0
Data:,0.0
Data:,0.0
Data:,0.001
Data:,0.001
Data:,0.0
Data:,0.0
Data:,0.0
Data:,0.0
Data:,0.0
Data:,0.0
Data:,0.0
Data:,0.0
Data:,0.0
Data:,0.0
Data:,0.0
Data:,0.0
Data:,0.0
Data:,0.001
Data:,0.001
Data:,0.0
Data:,0.0
Data:,0.001
Data:,0.0
Data:,0.0
Data:,0.0
Data:,0.001
Data:,0.001
Data:,0.0
Data:,0.0
Data:,0.0
Data:,0.001
Data:,0.001
Data:,0.0
Data:,0.0
Data:,0.0
Data:,0.0
Data:,0.0
Data:,0.0
Data:,0.0
Data:,0.0
Data:,0.0
Data:,0.0
Data:,0.0
Data:,0.0
Data:,0.0
Data:,0.0
Data:,0.0
Data:,0.0
Data:,0.0
Data:,0.0
Data:,0.0
Data:,0.0
Data:,0.0
Data:,0.0
Data:,0.0
Data:,0.0
Data:,0.0
Data:,0.0
Data:,0.0
Data:,0.0
Data:,0.0
Data:,0.0
Data:,0.0
Data:,0.0
Data:,0.0
Data:,0.0
Data:,0.0
Data:,0.0
Data:,0.0
Data:,0.0
Data:,0.0
Data:,0.0
Data:,0.0
Data:,0.0
Data:,0.0
Data:,0.0
Data:,0.0
Data:,0.0
Data:,0.0
Data:,0.0
Data:,0.0
Data:,0.0
Data:,0.0
Data:,0.0
Data:,0.0
Data:,0.0
Data:,0.0
Data:,0.0
Data:,0.0
Data:,0.0
Data:,0.0
Data:,0.0
Data:,0.0
Data:,0.0
Data:,0.0
Data:,0.0
Data:,0.0
Data:,0.0
Data:,0.0
Data:,0.0
Data:,0.0
Data:,0.0
Data:,0.0
Data:,0.0
Data:,0.0
Data:,0.0
Data:,0.0
Data:,0.0
Data:,0.0
Data:,0.0
Data:,0.0
Data:,0.0
Data:,0.0
Data:,0.0
Data:,0.0
Data:,0.0
Data:,0.0
Data:,0.0
Data:,0.0
Data:,0.0
Data:,0.0
Data:,0.0
Data:,0.001
Data:,0.001
Data:,0.0
Data:,0.0
Data:,0.0
Data:,0.0
Data:,0.0
Data:,0.0
Data:,0.0
Data:,0.0
Data:,0.0
Data:,0.0
Data:,0.0
Data:,0.0
Data:,0.0
Data:,0.0
Data:,0.0
Data:,0.0
Data:,0.0
Data:,0.0
Data:,0.0
Data:,0.0
Data:,0.0
Data:,0.0
Data:,0.0
Data:,0.0
Data:,0.0
Data:,0.0
Data:,0.0
Data:,0.0
Data:,0.0
Data:,0.0
Data:,0.0
Data:,0.0
Data:,0.0
Data:,0.0
Data:,0.0
Data:,0.0
Data:,0.0
Data:,0.0
Data:,0.0
Data:,0.0
Data:,0.0
Data:,0.0
Data:,0.0
Data:,0.0
Data:,0.0
Data:,0.0
Data:,0.003
Data:,0.003
Data:,0.0
Data:,0.0
Data:,0.0
Data:,0.0
Data:,0.0
Data:,0.0
Data:,0.0
Data:,0.0
Data:,0.0
Data:,0.0
Data:,0.0
Data:,0.001
Data:,0.001
Data:,0.0
Data:,0.0
Data:,0.0
Data:,0.0
Data:,0.0
Data:,0.0
Data:,0.001
Data:,0.001
Data:,0.0
Data:,0.0
Data:,0.0
Data:,0.0
Data:,0.0
Data:,0.0
Data:,0.0
Data:,0.0
Data:,0.0
Data:,0.0
Data:,0.0
Data:,0.0
Data:,0.0
Data:,0.0
Data:,0.0
Data:,0.0
Data:,0.0
Data:,0.0
Data:,0.0
Data:,0.0
Data:,0.0
Data:,0.0
Data:,0.0
Data:,0.0
Data:,0.0
Data:,0.0
Data:,0.0
Data:,0.0
Data:,0.0
Data:,0.0
Data:,0.0
Data:,0.0
Data:,0.0
Data:,0.0
Data:,0.0
Data:,0.0
Data:,0.0
Data:,0.0
Data:,0.0
Data:,0.0
Data:,0.0
Data:,0.0
Data:,0.0
Data:,0.0
Data:,0.0
Data:,0.0
Data:,0.0
Data:,0.0
Data:,0.0
Data:,0.001
Data:,0.001
Data:,0.0
Data:,0.0
Data:,0.0
Data:,0.0
Data:,0.0
Data:,0.0
Data:,0.0
Data:,0.0
Data:,0.0
Data:,0.0
Data:,0.0
Data:,0.0
Data:,0.0
Data:,0.0
Data:,0.0
Data:,0.0
Data:,0.0
Data:,0.0
Data:,0.0
Data:,0.0
Data:,0.0
Data:,0.0
Data:,0.0
Data:,0.0
Data:,0.0
Data:,0.0
Data:,0.0
Data:,0.0
Data:,0.0
Data:,0.0
Data:,0.0
Data:,0.0
Data:,0.0
Data:,0.0
Data:,0.0
Data:,0.0
Data:,0.0
Data:,0.0
Data:,0.0
Data:,0.0
Data:,0.0
Data:,0.0
Data:,0.0
Data:,0.0
Data:,0.0
Data:,0.0
Data:,0.0
Data:,0.0
Data:,0.0
Data:,0.0
Data:,0.0
Data:,0.0
Data:,0.0
Data:,0.0
Data:,0.0
Data:,0.0
Data:,0.0
Data:,0.0
Data:,0.0
Data:,0.0
Data:,0.0
Data:,0.0
Data:,0.0
Data:,0.0
Data:,0.0
Data:,0.0
Data:,0.0
Data:,0.0
Data:,0.0
Data:,0.0
Data:,0.0
Data:,0.0
Data:,0.0
Data:,0.0
Data:,0.0
Data:,0.0
Data:,0.0
Data:,0.0
Data:,0.0
Data:,0.0
Data:,0.0
Data:,0.0
Data:,0.0
Data:,0.0
Data:,0.0
Data:,0.0
Data:,0.0
Data:,0.0
Data:,0.0
Data:,0.0
Data:,0.0
Data:,0.0
Data:,0.0
Data:,0.0
Data:,0.0
Data:,0.0
Data:,0.0
Data:,0.001
Data:,0.001
Data:,0.0
Data:,0.0
Data:,0.0
Data:,0.0
Data:,0.0
Data:,0.003
Data:,0.003
Data:,0.0
Data:,0.0
Data:,0.0
Data:,0.0
Data:,0.0
Data:,0.0
Data:,0.0
Data:,0.0
Data:,0.0
Data:,0.0
Data:,0.0
Data:,0.0
Data:,0.001
Data:,0.001
Data:,0.0
Data:,0.0
Data:,0.0
Data:,0.0
Data:,0.001
Data:,0.001
Data:,0.0
Data:,0.001
Data:,0.002
Data:,0.002
Data:,0.0
Data:,0.001
Data:,0.002
Data:,0.001
Data:,0.0
Data:,0.0
Data:,0.0
Data:,0.0
Data:,0.0
Data:,0.0
Data:,0.0
Data:,0.0
Data:,0.0
Data:,0.0
Data:,0.0
Data:,0.0
Data:,0.0
Data:,0.0
Data:,0.0
Data:,0.0
Data:,0.0
Data:,0.0
Data:,0.0
Data:,0.0
Data:,0.0
Data:,0.0
Data:,0.0
Data:,0.0
Data:,0.0
Data:,0.0
Data:,0.0
Data:,0.0
Data:,0.0
Data:,0.0
Data:,0.0
Data:,0.0
Data:,0.0
Data:,0.0
Data:,0.0
Data:,0.0
Data:,0.0
Data:,0.0
Data:,0.0
Data:,0.0
Data:,0.0
Data:,0.0
Data:,0.0
Data:,0.0
Data:,0.0
Data:,0.0
Data:,0.0
Data:,0.0
Data:,0.0
Data:,0.0
Data:,0.0
Data:,0.0
Data:,0.0
Data:,0.0
Data:,0.0
Data:,0.0
Data:,0.0
Data:,0.0
Data:,0.0
Data:,0.0
Data:,0.0
Data:,0.0
Data:,0.0
Data:,0.0
Data:,0.0
Data:,0.0
Data:,0.0
Data:,0.0
Data:,0.0
Data:,0.0
Data:,0.0
Data:,0.0
Data:,0.0
Data:,0.0
Data:,0.0
Data:,0.0
Data:,0.0
Data:,0.0
Data:,0.0
Data:,0.0
Data:,0.0
Data:,0.0
Data:,0.0
Data:,0.0
Data:,0.0
Data:,0.0
Data:,0.0
Data:,0.0
Data:,0.0
Data:,0.0
Data:,0.0
Data:,0.0
Data:,0.0
Data:,0.0
Data:,0.0
Data:,0.0
Data:,0.0
Data:,0.0
Data:,0.0
Data:,0.0
Data:,0.0
Data:,0.0
Data:,0.0
Data:,0.0
Data:,0.001
Data:,0.001
Data:,0.0
Data:,0.0
Data:,0.0
Data:,0.0
Data:,0.0
Data:,0.0
Data:,0.0
Data:,0.0
Data:,0.0
Data:,0.0
Data:,0.0
Data:,0.0
Data:,0.0
Data:,0.0
Data:,0.0
Data:,0.001
Data:,0.001
Data:,0.0
Data:,0.0
Data:,0.0
Data:,0.0
Data:,0.0
Data:,0.0
Data:,0.0
Data:,0.0
Data:,0.0
Data:,0.0
Data:,0.0
Data:,0.0
Data:,0.0
Data:,0.0
Data:,0.0
Data:,0.0
Data:,0.0
Data:,0.0
Data:,0.0
Data:,0.0
Data:,0.0
Data:,0.0
Data:,0.0
Data:,0.0
Data:,0.004
Data:,0.004
Data:,0.0
Data:,0.0
Data:,0.0
Data:,0.0
Data:,0.0
Data:,0.0
Data:,0.0
Data:,0.0
Data:,0.0
Data:,0.0
Data:,0.0
Data:,0.0
Data:,0.0
Data:,0.0
Data:,0.0
Data:,0.0
Data:,0.0
Data:,0.0
Data:,0.0
Data:,0.0
Data:,0.0
Data:,0.0
Data:,0.0
Data:,0.0
Data:,0.0
Data:,0.0
Data:,0.0
Data:,0.0
Data:,0.0
Data:,0.0
Data:,0.0
Data:,0.0
Data:,0.0
Data:,0.0
Data:,0.0
Data:,0.0
Data:,0.0
Data:,0.0
Data:,0.0
Data:,0.0
Data:,0.0
Data:,0.0
Data:,0.0
Data:,0.0
Data:,0.0
Data:,0.0
Data:,0.0
Data:,0.0
Data:,0.0
Data:,0.0
Data:,0.0
Data:,0.0
Data:,0.0
Data:,0.0
Data:,0.0
Data:,0.0
Data:,0.0
Data:,0.0
Data:,0.0
Data:,0.0
Data:,0.0
Data:,0.0
Data:,0.0
Data:,0.0
Data:,0.0
Data:,0.0
Data:,0.0
Data:,0.0
Data:,0.0
Data:,0.0
Data:,0.0
Data:,0.0
Data:,0.0
Data:,0.0
Data:,0.0
Data:,0.001
Data:,0.001
Data:,0.0
Data:,0.0
Data:,0.0
Data:,0.0
Data:,0.0
Data:,0.0
Data:,0.0
Data:,0.0
Data:,0.0
Data:,0.0
Data:,0.0
Data:,0.0
Data:,0.0
Data:,0.0
Data:,0.0
Data:,0.0
Data:,0.0
Data:,0.0
Data:,0.0
Data:,0.0
Data:,0.0
Data:,0.0
Data:,0.0
Data:,0.0
Data:,0.0
Data:,0.0
Data:,0.0
Data:,0.0
Data:,0.0
Data:,0.0
Data:,0.0
Data:,0.0
Data:,0.0
Data:,0.0
Data:,0.0
Data:,0.0
Data:,0.0
Data:,0.0
Data:,0.0
Data:,0.0
Data:,0.0
Data:,0.0
Data:,0.0
Data:,0.0
Data:,0.0
Data:,0.0
Data:,0.0
Data:,0.0
Data:,0.0
Data:,0.0
Data:,0.0
Data:,0.0
Data:,0.001
Data:,0.001
Data:,0.0
Data:,0.0
Data:,0.0
Data:,0.0
Data:,0.0
Data:,0.0
Data:,0.0
Data:,0.0
Data:,0.0
Data:,0.0
Data:,0.0
Data:,0.0
Data:,0.0
Data:,0.0
Data:,0.0
Data:,0.0
Data:,0.0
Data:,0.0
Data:,0.0
Data:,0.0
Data:,0.0
Data:,0.0
Data:,0.0
Data:,0.0
Data:,0.0
Data:,0.0
Data:,0.0
Data:,0.0
Data:,0.0
Data:,0.0
Data:,0.0
Data:,0.0
Data:,0.0
Data:,0.0
Data:,0.0
Data:,0.0
Data:,0.0
Data:,0.0
Data:,0.0
Data:,0.0
Data:,0.0
Data:,0.0
Data:,0.0
Data:,0.0
Data:,0.0
Data:,0.003
Data:,0.003
Data:,0.0
Data:,0.0
Data:,0.0
Data:,0.0
Data:,0.0
Data:,0.0
Data:,0.0
Data:,0.0
Data:,0.0
Data:,0.0
Data:,0.0
Data:,0.0
Data:,0.0
Data:,0.0
Data:,0.0
Data:,0.0
Data:,0.0
Data:,0.001
Data:,0.001
Data:,0.0
Data:,0.0
Data:,0.0
Data:,0.0
Data:,0.0
Data:,0.0
Data:,0.0
Data:,0.0
Data:,0.0
Data:,0.0
Data:,0.0
Data:,0.0
Data:,0.0
Data:,0.0
Data:,0.0
Data:,0.0
Data:,0.0
Data:,0.0
Data:,0.0
Data:,0.0
Data:,0.0
Data:,0.0
Data:,0.0
Data:,0.0
Data:,0.0
Data:,0.0
Data:,0.0
Data:,0.0
Data:,0.0
Data:,0.0
Data:,0.0
Data:,0.0
Data:,0.0
Data:,0.0
Data:,0.0
Data:,0.0
Data:,0.0
Data:,0.0
Data:,0.0
Data:,0.0
Data:,0.0
Data:,0.0
Data:,0.001
Data:,0.001
Data:,0.0
Data:,0.0
Data:,0.0
Data:,0.0
Data:,0.0
Data:,0.0
Data:,0.0
Data:,0.0
Data:,0.0
Data:,0.0
Data:,0.0
Data:,0.0
Data:,0.0
Data:,0.0
Data:,0.0
Data:,0.0
Data:,0.0
Data:,0.0
Data:,0.0
Data:,0.0
Data:,0.0
Data:,0.0
Data:,0.0
Data:,0.0
Data:,0.0
Data:,0.0
Data:,0.0
Data:,0.0
Data:,0.0
Data:,0.0
Data:,0.0
Data:,0.0
Data:,0.0
Data:,0.0
Data:,0.0
Data:,0.0
Data:,0.0
Data:,0.0
Data:,0.0
Data:,0.0
Data:,0.0
Data:,0.0
Data:,0.0
Data:,0.0
Data:,0.0
Data:,0.0
Data:,0.001
Data:,0.001
Data:,0.0
Data:,0.0
Data:,0.0
Data:,0.0
Data:,0.0
Data:,0.0
Data:,0.0
Data:,0.0
Data:,0.0
Data:,0.0
Data:,0.0
Data:,0.0
Data:,0.0
Data:,0.0
Data:,0.0
Data:,0.0
Data:,0.0
Data:,0.0
Data:,0.0
Data:,0.0
Data:,0.0
Data:,0.0
Data:,0.0
Data:,0.0
Data:,0.0
Data:,0.0
Data:,0.001
Data:,0.001
Data:,0.0
Data:,0.0
Data:,0.0
Data:,0.0
Data:,0.0
Data:,0.0
Data:,0.0
Data:,0.0
Data:,0.0
Data:,0.0
Data:,0.0
Data:,0.0
Data:,0.0
Data:,0.0
Data:,0.0
Data:,0.0
Data:,0.0
Data:,0.0
Data:,0.0
Data:,0.0
Data:,0.0
Data:,0.0
Data:,0.0
Data:,0.0
Data:,0.0
Data:,0.0
Data:,0.0
Data:,0.0
Data:,0.0
Data:,0.0
Data:,0.0
Data:,0.001
Data:,0.002
Data:,0.002
Data:,0.0
Data:,0.0
Data:,0.0
Data:,0.003
Data:,0.003
Data:,0.0
Data:,0.0
Data:,0.0
Data:,0.0
Data:,0.0
Data:,0.0
Data:,0.0
Data:,0.0
Data:,0.0
Data:,0.0
Data:,0.0
Data:,0.0
Data:,0.0
Data:,0.0
Data:,0.0
Data:,0.0
Data:,0.0
Data:,0.0
Data:,0.0
Data:,0.0
Data:,0.0
Data:,0.0
Data:,0.0
Data:,0.0
Data:,0.0
Data:,0.0
Data:,0.0
Data:,0.0
Data:,0.0
Data:,0.0
Data:,0.0
Data:,0.0
Data:,0.0
Data:,0.0
Data:,0.0
Data:,0.0
Data:,0.0
Data:,0.0
Data:,0.0
Data:,0.0
Data:,0.0
Data:,0.0
Data:,0.0
Data:,0.0
Data:,0.0
Data:,0.0
Data:,0.0
Data:,0.0
Data:,0.0
Data:,0.0
Data:,0.0
Data:,0.0
Data:,0.0
Data:,0.0
Data:,0.0
Data:,0.0
Data:,0.0
Data:,0.0
Data:,0.0
Data:,0.0
Data:,0.0
Data:,0.0
Data:,0.0
Data:,0.0
Data:,0.0
Data:,0.0
Data:,0.0
Data:,0.0
Data:,0.0
Data:,0.0
Data:,0.0
Data:,0.0
Data:,0.0
Data:,0.0
Data:,0.0
Data:,0.0
Data:,0.0
Data:,0.0
Data:,0.0
Data:,0.001
Data:,0.001
Data:,0.0
Data:,0.0
Data:,0.0
Data:,0.0
Data:,0.0
Data:,0.0
Data:,0.0
Data:,0.0
Data:,0.001
Data:,0.001
Data:,0.0
Data:,0.0
Data:,0.0
Data:,0.0
Data:,0.0
Data:,0.0
Data:,0.0
Data:,0.0
Data:,0.0
Data:,0.0
Data:,0.0
Data:,0.0
Data:,0.0
Data:,0.0
Data:,0.0
Data:,0.0
Data:,0.0
Data:,0.0
Data:,0.0
Data:,0.0
Data:,0.0
Data:,0.0
Data:,0.0
Data:,0.0
Data:,0.0
Data:,0.0
Data:,0.0
Data:,0.0
Data:,0.0
Data:,0.0
Data:,0.0
Data:,0.0
Data:,0.0
Data:,0.0
Data:,0.0
Data:,0.0
Data:,0.0
Data:,0.0
Data:,0.0
Data:,0.0
Data:,0.0
Data:,0.0
Data:,0.0
Data:,0.0
Data:,0.0
Data:,0.0
Data:,0.0
Data:,0.0
Data:,0.0
Data:,0.0
Data:,0.0
Data:,0.0
Data:,0.0
Data:,0.0
Data:,0.0
Data:,0.0
Data:,0.0
Data:,0.0
Data:,0.0
Data:,0.0
Data:,0.0
Data:,0.0
Data:,0.0
Data:,0.0
Data:,0.0
Data:,0.0
Data:,0.0
Data:,0.0
Data:,0.0
Data:,0.0
Data:,0.0
Data:,0.0
Data:,0.0
Data:,0.0
Data:,0.0
Data:,0.0
Data:,0.0
Data:,0.0
Data:,0.0
Data:,0.0
Data:,0.0
Data:,0.0
Data:,0.0
Data:,0.0
Data:,0.0
Data:,0.003
Data:,0.003
Data:,0.0
Data:,0.0
Data:,0.0
Data:,0.0
Data:,0.0
Data:,0.0
Data:,0.0
Data:,0.0
Data:,0.0
Data:,0.0
Data:,0.0
Data:,0.0
Data:,0.0
Data:,0.0
Data:,0.0
Data:,0.0
Data:,0.0
Data:,0.0
Data:,0.0
Data:,0.0
Data:,0.001
Data:,0.001
Data:,0.0
Data:,0.0
Data:,0.0
Data:,0.0
Data:,0.0
Data:,0.0
Data:,0.0
Data:,0.0
Data:,0.0
Data:,0.0
Data:,0.0
Data:,0.0
Data:,0.0
Data:,0.0
Data:,0.0
Data:,0.0
Data:,0.0
Data:,0.0
Data:,0.0
Data:,0.0
Data:,0.0
Data:,0.0
Data:,0.0
Data:,0.0
Data:,0.0
Data:,0.0
Data:,0.0
Data:,0.0
Data:,0.0
Data:,0.0
Data:,0.0
Data:,0.0
Data:,0.0
Data:,0.0
Data:,0.0
Data:,0.0
Data:,0.0
Data:,0.0
Data:,0.0
Data:,0.0
Data:,0.0
Data:,0.0
Data:,0.0
Data:,0.0
Data:,0.0
Data:,0.0
Data:,0.0
Data:,0.001
Data:,0.001
Data:,0.0
Data:,0.0
Data:,0.0
Data:,0.0
Data:,0.0
Data:,0.0
Data:,0.0
Data:,0.0
Data:,0.0
Data:,0.0
Data:,0.0
Data:,0.0
Data:,0.0
Data:,0.0
Data:,0.0
Data:,0.0
Data:,0.0
Data:,0.0
Data:,0.0
Data:,0.0
Data:,0.0
Data:,0.0
Data:,0.0
Data:,0.0
Data:,0.0
Data:,0.0
Data:,0.0
Data:,0.0
Data:,0.0
Data:,0.0
Data:,0.0
Data:,0.0
Data:,0.0
Data:,0.0
Data:,0.0
Data:,0.0
Data:,0.0
Data:,0.0
Data:,0.0
Data:,0.0
Data:,0.0
Data:,0.0
Data:,0.0
Data:,0.0
Data:,0.0
Data:,0.0
Data:,0.0
Data:,0.0
Data:,0.0
Data:,0.0
Data:,0.0
Data:,0.0
Data:,0.0
Data:,0.0
Data:,0.0
Data:,0.0
Data:,0.0
Data:,0.0
Data:,0.0
Data:,0.0
Data:,0.0
Data:,0.0
Data:,0.0
Data:,0.0
Data:,0.0
Data:,0.0
Data:,0.0
Data:,0.0
Data:,0.0
Data:,0.001
Data:,0.001
Data:,0.0
Data:,0.0
Data:,0.0
Data:,0.0
Data:,0.0
Data:,0.0
Data:,0.0
Data:,0.0
Data:,0.0
Data:,0.0
Data:,0.0
Data:,0.0
Data:,0.0
Data:,0.0
Data:,0.0
Data:,0.0
Data:,0.0
Data:,0.0
Data:,0.0
Data:,0.0
Data:,0.0
Data:,0.0
Data:,0.0
Data:,0.0
Data:,0.0
Data:,0.0
Data:,0.0
Data:,0.0
Data:,0.0
Data:,0.0
Data:,0.0
Data:,0.0
Data:,0.0
Data:,0.003
Data:,0.003
Data:,0.0
Data:,0.0
Data:,0.0
Data:,0.0
Data:,0.0
Data:,0.0
Data:,0.0
Data:,0.0
Data:,0.0
Data:,0.0
Data:,0.0
Data:,0.0
Data:,0.0
Data:,0.0
Data:,0.0
Data:,0.0
Data:,0.0
Data:,0.0
Data:,0.0
Data:,0.0
Data:,0.0
Data:,0.0
Data:,0.0
Data:,0.0
Data:,0.001
Data:,0.0
Data:,0.0
Data:,0.0
Data:,0.0
Data:,0.0
Data:,0.0
Data:,0.0
Data:,0.0
Data:,0.0
Data:,0.0
Data:,0.0
Data:,0.0
Data:,0.0
Data:,0.0
Data:,0.0
Data:,0.0
Data:,0.0
Data:,0.0
Data:,0.0
Data:,0.0
Data:,0.0
Data:,0.0
Data:,0.0
Data:,0.0
Data:,0.0
Data:,0.001
Data:,0.001
Data:,0.0
Data:,0.0
Data:,0.0
Data:,0.0
Data:,0.0
Data:,0.0
Data:,0.0
Data:,0.0
Data:,0.0
Data:,0.0
Data:,0.0
Data:,0.0
Data:,0.0
Data:,0.0
Data:,0.0
Data:,0.0
Data:,0.0
Data:,0.0
Data:,0.0
Data:,0.0
Data:,0.0
Data:,0.0
Data:,0.0
Data:,0.0
Data:,0.0
Data:,0.0
Data:,0.0
Data:,0.0
Data:,0.0
Data:,0.0
Data:,0.0
Data:,0.001
Data:,0.001
Data:,0.0
Data:,0.0
Data:,0.0
Data:,0.0
Data:,0.0
Data:,0.0
Data:,0.0
Data:,0.0
Data:,0.0
Data:,0.0
Data:,0.0
Data:,0.0
Data:,0.0
Data:,0.0
Data:,0.0
Data:,0.0
Data:,0.0
Data:,0.0
Data:,0.0
Data:,0.0
Data:,0.0
Data:,0.0
Data:,0.0
Data:,0.0
Data:,0.0
Data:,0.0
Data:,0.0
Data:,0.0
Data:,0.0
Data:,0.0
Data:,0.0
Data:,0.0
Data:,0.0
Data:,0.0
Data:,0.0
Data:,0.0
Data:,0.0
Data:,0.0
Data:,0.0
Data:,0.0
Data:,0.0
Data:,0.0
Data:,0.0
Data:,0.0
Data:,0.0
Data:,0.0
Data:,0.0
Data:,0.0
Data:,0.0
Data:,0.0
Data:,0.0
Data:,0.0
Data:,0.0
Data:,0.0
Data:,0.0
Data:,0.0
Data:,0.0
Data:,0.0
Data:,0.0
Data:,0.0
Data:,0.0
Data:,0.0
Data:,0.0
Data:,0.0
Data:,0.0
Data:,0.0
Data:,0.0
Data:,0.0
Data:,0.0
Data:,0.0
Data:,0.0
Data:,0.0
Data:,0.0
Data:,0.0
Data:,0.0
Data:,0.0
Data:,0.0
Data:,0.0
Data:,0.0
Data:,0.0
Data:,0.0
Data:,0.0
Data:,0.0
Data:,0.0
Data:,0.0
Data:,0.0
Data:,0.0
Data:,0.0
Data:,0.0
Data:,0.0
Data:,0.0
Data:,0.003
Data:,0.003
Data:,0.0
Data:,0.0
Data:,0.0
Data:,0.0
Data:,0.0
Data:,0.0
Data:,0.0
Data:,0.0
Data:,0.0
Data:,0.0
Data:,0.0
Data:,0.0
Data:,0.0
Data:,0.0
Data:,0.0
Data:,0.0
Data:,0.0
Data:,0.0
Data:,0.0
Data:,0.0
Data:,0.0
Data:,0.0
Data:,0.0
Data:,0.0
Data:,0.0
Data:,0.001
Data:,0.001
Data:,0.0
Data:,0.0
Data:,0.0
Data:,0.001
Data:,0.001
Data:,0.0
Data:,0.0
Data:,0.0
Data:,0.0
Data:,0.0
Data:,0.0
Data:,0.0
Data:,0.0
Data:,0.0
Data:,0.0
Data:,0.0
Data:,0.0
Data:,0.0
Data:,0.0
Data:,0.0
Data:,0.0
Data:,0.0
Data:,0.0
Data:,0.0
Data:,0.0
Data:,0.0
Data:,0.0
Data:,0.0
Data:,0.0
Data:,0.0
Data:,0.0
Data:,0.0
Data:,0.0
Data:,0.0
Data:,0.001
Data:,0.0
Data:,0.0
Data:,0.0
Data:,0.0
Data:,0.0
Data:,0.0
Data:,0.0
Data:,0.0
Data:,0.0
Data:,0.0
Data:,0.0
Data:,0.0
Data:,0.0
Data:,0.0
Data:,0.0
Data:,0.0
Data:,0.0
Data:,0.0
Data:,0.0
Data:,0.0
Data:,0.0
Data:,0.0
Data:,0.0
Data:,0.0
Data:,0.0
Data:,0.0
Data:,0.0
Data:,0.0
Data:,0.0
Data:,0.0
Data:,0.0
Data:,0.0
Data:,0.0
Data:,0.0
Data:,0.0
Data:,0.0
Data:,0.0
Data:,0.0
Data:,0.0
Data:,0.0
Data:,0.0
Data:,0.0
Data:,0.0
Data:,0.0
Data:,0.0
Data:,0.0
Data:,0.0
Data:,0.0
Data:,0.0
Data:,0.0
Data:,0.0
Data:,0.0
Data:,0.0
Data:,0.0
Data:,0.0
Data:,0.0
Data:,0.0
Data:,0.0
Data:,0.0
Data:,0.0
Data:,0.0
Data:,0.0
Data:,0.0
Data:,0.0
Data:,0.0
Data:,0.0
Data:,0.0
Data:,0.0
Data:,0.0
Data:,0.0
Data:,0.0
Data:,0.0
Data:,0.0
Data:,0.0
Data:,0.0
Data:,0.0
Data:,0.0
Data:,0.0
Data:,0.0
Data:,0.0
Data:,0.0
Data:,0.0
Data:,0.0
Data:,0.001
Data:,0.001
Data:,0.0
Data:,0.0
Data:,0.0
Data:,0.0
Data:,0.0
Data:,0.0
Data:,0.0
Data:,0.0
Data:,0.0
Data:,0.0
Data:,0.0
Data:,0.0
Data:,0.0
Data:,0.0
Data:,0.0
Data:,0.001
Data:,0.001
Data:,0.0
Data:,0.0
Data:,0.0
Data:,0.0
Data:,0.0
Data:,0.0
Data:,0.0
Data:,0.0
Data:,0.0
Data:,0.0
Data:,0.0
Data:,0.0
Data:,0.003
Data:,0.003
Data:,0.0
Data:,0.0
Data:,0.0
Data:,0.0
Data:,0.0
Data:,0.0
Data:,0.0
Data:,0.0
Data:,0.0
Data:,0.0
Data:,0.001
Data:,0.001
Data:,0.0
Data:,0.0
Data:,0.0
Data:,0.0
Data:,0.0
Data:,0.0
Data:,0.0
Data:,0.0
Data:,0.001
Data:,0.0
Data:,0.0
Data:,0.0
Data:,0.0
Data:,0.0
Data:,0.0
Data:,0.0
Data:,0.0
Data:,0.0
Data:,0.0
Data:,0.0
Data:,0.0
Data:,0.0
Data:,0.0
Data:,0.0
Data:,0.0
Data:,0.0
Data:,0.0
Data:,0.0
Data:,0.0
Data:,0.0
Data:,0.0
Data:,0.0
Data:,0.0
Data:,0.0
Data:,0.0
Data:,0.0
Data:,0.0
Data:,0.0
Data:,0.0
Data:,0.0
Data:,0.0
Data:,0.0
Data:,0.0
Data:,0.0
Data:,0.0
Data:,0.0
Data:,0.0
Data:,0.0
Data:,0.0
Data:,0.0
Data:,0.0
Data:,0.0
Data:,0.0
Data:,0.0
Data:,0.0
Data:,0.0
Data:,0.0
Data:,0.0
Data:,0.0
Data:,0.0
Data:,0.0
Data:,0.0
Data:,0.0
Data:,0.0
Data:,0.0
Data:,0.0
Data:,0.0
Data:,0.0
Data:,0.0
Data:,0.0
Data:,0.0
Data:,0.0
Data:,0.0
Data:,0.0
Data:,0.001
Data:,0.001
Data:,0.0
Data:,0.0
Data:,0.0
Data:,0.0
Data:,0.0
Data:,0.0
Data:,0.0
Data:,0.0
Data:,0.0
Data:,0.0
Data:,0.0
Data:,0.0
Data:,0.0
Data:,0.0
Data:,0.0
Data:,0.0
Data:,0.0
Data:,0.0
Data:,0.0
Data:,0.0
Data:,0.0
Data:,0.0
Data:,0.0
Data:,0.0
Data:,0.0
Data:,0.0
Data:,0.0
Data:,0.0
Data:,0.0
Data:,0.0
Data:,0.0
Data:,0.0
Data:,0.0
Data:,0.0
Data:,0.0
Data:,0.0
Data:,0.0
Data:,0.0
Data:,0.0
Data:,0.0
Data:,0.0
Data:,0.0
Data:,0.0
Data:,0.0
Data:,0.0
Data:,0.0
Data:,0.0
Data:,0.0
Data:,0.0
Data:,0.0
Data:,0.0
Data:,0.0
Data:,0.0
Data:,0.0
Data:,0.0
Data:,0.0
Data:,0.0
Data:,0.0
Data:,0.0
Data:,0.0
Data:,0.0
Data:,0.0
Data:,0.0
Data:,0.0
Data:,0.0
Data:,0.0
Data:,0.0
Data:,0.0
Data:,0.0
Data:,0.0
Data:,0.0
Data:,0.0
Data:,0.0
Data:,0.0
Data:,0.0
Data:,0.0
Data:,0.0
Data:,0.0
Data:,0.0
Data:,0.0
Data:,0.001
Data:,0.001
Data:,0.0
Data:,0.0
Data:,0.0
Data:,0.0
Data:,0.0
Data:,0.0
Data:,0.003
Data:,0.003
Data:,0.0
Data:,0.0
Data:,0.0
Data:,0.0
Data:,0.0
Data:,0.0
Data:,0.0
Data:,0.0
Data:,0.0
Data:,0.0
Data:,0.0
Data:,0.0
Data:,0.0
Data:,0.0
Data:,0.0
Data:,0.0
Data:,0.0
Data:,0.0
Data:,0.0
Data:,0.0
Data:,0.0
Data:,0.0
Data:,0.0
Data:,0.0
Data:,0.0
Data:,0.0
Data:,0.0
Data:,0.0
Data:,0.001
Data:,0.001
Data:,0.0
Data:,0.0
Data:,0.0
Data:,0.0
Data:,0.0
Data:,0.0
Data:,0.0
Data:,0.0
Data:,0.0
Data:,0.0
Data:,0.0
Data:,0.0
Data:,0.0
Data:,0.0
Data:,0.0
Data:,0.0
Data:,0.0
Data:,0.0
Data:,0.0
Data:,0.0
Data:,0.0
Data:,0.0
Data:,0.0
Data:,0.0
Data:,0.0
Data:,0.0
Data:,0.0
Data:,0.0
Data:,0.0
Data:,0.0
Data:,0.0
Data:,0.0
Data:,0.0
Data:,0.0
Data:,0.0
Data:,0.0
Data:,0.0
Data:,0.0
Data:,0.0
Data:,0.0
Data:,0.0
Data:,0.0
Data:,0.0
Data:,0.0
Data:,0.0
Data:,0.0
Data:,0.0
Data:,0.0
Data:,0.0
Data:,0.0
Data:,0.0
Data:,0.0
Data:,0.0
Data:,0.0
Data:,0.0
Data:,0.0
Data:,0.0
Data:,0.0
Data:,0.0
Data:,0.0
Data:,0.0
Data:,0.0
Data:,0.0
Data:,0.0
Data:,0.0
Data:,0.0
Data:,0.0
Data:,0.0
Data:,0.0
Data:,0.0
Data:,0.0
Data:,0.0
Data:,0.0
Data:,0.0
Data:,0.0
Data:,0.0
Data:,0.0
Data:,0.0
Data:,0.0
Data:,0.0
Data:,0.0
Data:,0.0
Data:,0.0
Data:,0.0
Data:,0.0
Data:,0.0
Data:,0.0
Data:,0.0
Data:,0.0
Data:,0.0
Data:,0.0
Data:,0.0
Data:,0.0
Data:,0.0
Data:,0.0
Data:,0.0
Data:,0.0
Data:,0.0
Data:,0.0
Data:,0.0
Data:,0.0
Data:,0.0
Data:,0.0
Data:,0.0
Data:,0.0
Data:,0.0
Data:,0.0
Data:,0.0
Data:,0.0
Data:,0.0
Data:,0.0
Data:,0.0
Data:,0.0
Data:,0.0
Data:,0.0
Data:,0.0
Data:,0.0
Data:,0.001
Data:,0.002
Data:,0.001
Data:,0.0
Data:,0.0
Data:,0.0
Data:,0.0
Data:,0.0
Data:,0.0
Data:,0.0
Data:,0.0
Data:,0.0
Data:,0.0
Data:,0.0
Data:,0.0
Data:,0.0
Data:,0.0
Data:,0.0
Data:,0.0
Data:,0.0
Data:,0.0
Data:,0.0
Data:,0.0
Data:,0.0
Data:,0.0
Data:,0.0
Data:,0.0
Data:,0.0
Data:,0.0
Data:,0.003
Data:,0.003
Data:,0.0
Data:,0.0
Data:,0.0
Data:,0.0
Data:,0.0
Data:,0.0
Data:,0.0
Data:,0.0
Data:,0.0
Data:,0.0
Data:,0.0
Data:,0.0
Data:,0.0
Data:,0.0
Data:,0.0
Data:,0.0
Data:,0.0
Data:,0.0
Data:,0.0
Data:,0.0
Data:,0.0
Data:,0.0
Data:,0.0
Data:,0.0
Data:,0.0
Data:,0.0
Data:,0.0
Data:,0.0
Data:,0.0
Data:,0.0
Data:,0.0
Data:,0.0
Data:,0.0
Data:,0.0
Data:,0.0
Data:,0.0
Data:,0.0
Data:,0.0
Data:,0.0
Data:,0.0
Data:,0.0
Data:,0.0
Data:,0.0
Data:,0.0
Data:,0.0
Data:,0.0
Data:,0.0
Data:,0.0
Data:,0.0
Data:,0.0
Data:,0.0
Data:,0.0
Data:,0.0
Data:,0.0
Data:,0.0
Data:,0.0
Data:,0.0
Data:,0.0
Data:,0.0
Data:,0.0
Data:,0.0
Data:,0.0
Data:,0.0
Data:,0.0
Data:,0.0
Data:,0.0
Data:,0.0
Data:,0.0
Data:,0.0
Data:,0.0
Data:,0.0
Data:,0.0
Data:,0.0
Data:,0.0
Data:,0.0
Data:,0.0
Data:,0.0
Data:,0.0
Data:,0.0
Data:,0.0
Data:,0.0
Data:,0.0
Data:,0.0
Data:,0.0
Data:,0.0
Data:,0.0
Data:,0.0
Data:,0.0
Data:,0.0
Data:,0.0
Data:,0.001
Data:,0.001
Data:,0.0
Data:,0.0
Data:,0.0
Data:,0.0
Data:,0.0
Data:,0.0
Data:,0.0
Data:,0.0
Data:,0.0
Data:,0.0
Data:,0.0
Data:,0.0
Data:,0.0
Data:,0.0
Data:,0.0
Data:,0.0
Data:,0.0
Data:,0.0
Data:,0.0
Data:,0.0
Data:,0.0
Data:,0.0
Data:,0.0
Data:,0.0
Data:,0.0
Data:,0.0
Data:,0.0
Data:,0.0
Data:,0.0
Data:,0.0
Data:,0.0
Data:,0.0
Data:,0.0
Data:,0.0
Data:,0.0
Data:,0.001
Data:,0.001
Data:,0.0
Data:,0.0
Data:,0.0
Data:,0.0
Data:,0.0
Data:,0.0
Data:,0.0
Data:,0.0
Data:,0.0
Data:,0.0
Data:,0.0
Data:,0.0
Data:,0.0
Data:,0.0
Data:,0.0
Data:,0.0
Data:,0.0
Data:,0.0
Data:,0.0
Data:,0.0
Data:,0.0
Data:,0.0
Data:,0.0
Data:,0.0
Data:,0.0
Data:,0.0
Data:,0.0
Data:,0.0
Data:,0.0
Data:,0.0
Data:,0.0
Data:,0.0
Data:,0.0
Data:,0.0
Data:,0.0
Data:,0.0
Data:,0.0
Data:,0.0
Data:,0.0
Data:,0.0
Data:,0.0
Data:,0.0
Data:,0.0
Data:,0.0
Data:,0.0
Data:,0.0
Data:,0.0
Data:,0.003
Data:,0.003
Data:,0.0
Data:,0.0
Data:,0.0
Data:,0.003
Data:,0.004
Data:,0.001
Data:,0.0
Data:,0.0
Data:,0.0
Data:,0.0
Data:,0.0
Data:,0.0
Data:,0.0
Data:,0.0
Data:,0.0
Data:,0.0
Data:,0.0
Data:,0.0
Data:,0.0
Data:,0.0
Data:,0.0
Data:,0.0
Data:,0.0
Data:,0.0
Data:,0.0
Data:,0.0
Data:,0.0
Data:,0.0
Data:,0.0
Data:,0.0
Data:,0.0
Data:,0.0
Data:,0.001
Data:,0.001
Data:,0.0
Data:,0.0
Data:,0.0
Data:,0.0
Data:,0.0
Data:,0.0
Data:,0.0
Data:,0.0
Data:,0.0
Data:,0.0
Data:,0.0
Data:,0.0
Data:,0.0
Data:,0.0
Data:,0.0
Data:,0.0
Data:,0.0
Data:,0.0
Data:,0.0
Data:,0.0
Data:,0.0
Data:,0.0
Data:,0.0
Data:,0.0
Data:,0.0
Data:,0.0
Data:,0.0
Data:,0.0
Data:,0.0
Data:,0.0
Data:,0.0
Data:,0.0
Data:,0.0
Data:,0.0
Data:,0.0
Data:,0.0
Data:,0.001
Data:,0.0
Data:,0.0
Data:,0.0
Data:,0.0
Data:,0.0
Data:,0.0
Data:,0.0
Data:,0.0
Data:,0.0
Data:,0.0
Data:,0.0
Data:,0.0
Data:,0.0
Data:,0.0
Data:,0.0
Data:,0.0
Data:,0.0
Data:,0.0
Data:,0.0
Data:,0.0
Data:,0.0
Data:,0.0
Data:,0.0
Data:,0.0
Data:,0.0
Data:,0.0
Data:,0.0
Data:,0.0
Data:,0.0
Data:,0.0
Data:,0.0
Data:,0.0
Data:,0.0
Data:,0.0
Data:,0.0
Data:,0.0
Data:,0.001
Data:,0.001
Data:,0.0
Data:,0.0
Data:,0.0
Data:,0.0
Data:,0.0
Data:,0.0
Data:,0.0
Data:,0.0
Data:,0.0
Data:,0.0
Data:,0.0
Data:,0.0
Data:,0.0
Data:,0.0
Data:,0.0
Data:,0.0
Data:,0.0
Data:,0.0
Data:,0.0
Data:,0.0
Data:,0.0
Data:,0.0
Data:,0.0
Data:,0.0
Data:,0.0
Data:,0.0
Data:,0.0
Data:,0.0
Data:,0.0
Data:,0.0
Data:,0.0
Data:,0.0
Data:,0.0
Data:,0.0
Data:,0.0
Data:,0.0
Data:,0.0
Data:,0.0
Data:,0.0
Data:,0.0
Data:,0.0
Data:,0.0
Data:,0.0
Data:,0.001
Data:,0.001
Data:,0.0
Data:,0.0
Data:,0.0
Data:,0.0
Data:,0.0
Data:,0.0
Data:,0.0
Data:,0.0
Data:,0.0
Data:,0.0
Data:,0.0
Data:,0.0
Data:,0.0
Data:,0.0
Data:,0.0
Data:,0.0
Data:,0.0
Data:,0.0
Data:,0.0
Data:,0.0
Data:,0.0
Data:,0.0
Data:,0.003
Data:,0.003
Data:,0.0
Data:,0.0
Data:,0.0
Data:,0.0
Data:,0.0
Data:,0.0
Data:,0.0
Data:,0.0
Data:,0.0
Data:,0.0
Data:,0.0
Data:,0.0
Data:,0.0
Data:,0.0
Data:,0.0
Data:,0.0
Data:,0.0
Data:,0.0
Data:,0.0
Data:,0.0
Data:,0.0
Data:,0.0
Data:,0.0
Data:,0.0
Data:,0.0
Data:,0.0
Data:,0.0
Data:,0.0
Data:,0.0
Data:,0.0
Data:,0.0
Data:,0.0
Data:,0.0
Data:,0.0
Data:,0.0
Data:,0.0
Data:,0.0
Data:,0.0
Data:,0.0
Data:,0.0
Data:,0.0
Data:,0.0
Data:,0.0
Data:,0.0
Data:,0.0
Data:,0.0
Data:,0.0
Data:,0.0
Data:,0.0
Data:,0.0
Data:,0.0
Data:,0.0
Data:,0.0
Data:,0.0
Data:,0.0
Data:,0.0
Data:,0.0
Data:,0.0
Data:,0.0
Data:,0.0
Data:,0.0
Data:,0.0
Data:,0.0
Data:,0.0
Data:,0.0
Data:,0.0
Data:,0.0
Data:,0.0
Data:,0.0
Data:,0.0
Data:,0.0
Data:,0.0
Data:,0.0
Data:,0.0
Data:,0.0
Data:,0.0
Data:,0.0
Data:,0.0
Data:,0.0
Data:,0.0
Data:,0.0
Data:,0.0
Data:,0.0
Data:,0.0
Data:,0.0
Data:,0.0
Data:,0.0
Data:,0.001
Data:,0.001
Data:,0.0
Data:,0.0
Data:,0.0
Data:,0.0
Data:,0.0
Data:,0.001
Data:,0.001
Data:,0.0
Data:,0.0
Data:,0.0
Data:,0.0
Data:,0.001
Data:,0.0
Data:,0.0
Data:,0.0
Data:,0.0
Data:,0.0
Data:,0.0
Data:,0.0
Data:,0.0
Data:,0.0
Data:,0.0
Data:,0.0
Data:,0.0
Data:,0.0
Data:,0.0
Data:,0.0
Data:,0.0
Data:,0.0
Data:,0.0
Data:,0.0
Data:,0.0
Data:,0.0
Data:,0.0
Data:,0.0
Data:,0.0
Data:,0.0
Data:,0.0
Data:,0.0
Data:,0.0
Data:,0.0
Data:,0.0
Data:,0.0
Data:,0.0
Data:,0.0
Data:,0.0
Data:,0.0
Data:,0.0
Data:,0.0
Data:,0.0
Data:,0.0
Data:,0.0
Data:,0.0
Data:,0.0
Data:,0.0
Data:,0.0
Data:,0.0
Data:,0.0
Data:,0.0
Data:,0.0
Data:,0.0
Data:,0.0
Data:,0.0
Data:,0.0
Data:,0.0
Data:,0.0
Data:,0.0
Data:,0.0
Data:,0.0
Data:,0.0
Data:,0.0
Data:,0.0
Data:,0.0
Data:,0.0
Data:,0.0
Data:,0.0
Data:,0.0
Data:,0.0
Data:,0.0
Data:,0.0
Data:,0.0
Data:,0.0
Data:,0.0
Data:,0.0
Data:,0.0
Data:,0.0
Data:,0.0
Data:,0.003
Data:,0.003
Data:,0.0
Data:,0.0
Data:,0.0
Data:,0.0
Data:,0.0
Data:,0.0
Data:,0.0
Data:,0.0
Data:,0.0
Data:,0.0
Data:,0.0
Data:,0.0
Data:,0.0
Data:,0.0
Data:,0.0
Data:,0.0
Data:,0.0
Data:,0.0
Data:,0.0
Data:,0.0
Data:,0.0
Data:,0.0
Data:,0.0
Data:,0.0
Data:,0.0
Data:,0.0
Data:,0.0
Data:,0.0
Data:,0.0
Data:,0.0
Data:,0.0
Data:,0.0
Data:,0.0
Data:,0.0
Data:,0.0
Data:,0.0
Data:,0.001
Data:,0.001
Data:,0.004
Data:,0.012
Data:,0.008
Data:,0.0
Data:,0.0
Data:,0.0
Data:,0.0
Data:,0.0
Data:,0.0
Data:,0.0
Data:,0.0
Data:,0.0
Data:,0.0
Data:,0.0
Data:,0.0
Data:,0.0
Data:,0.0
Data:,0.0
Data:,0.0
Data:,0.0
Data:,0.0
Data:,0.0
Data:,0.0
Data:,0.0
Data:,0.0
Data:,0.0
Data:,0.0
Data:,0.0
Data:,0.001
Data:,0.001
Data:,0.0
Data:,0.0
Data:,0.0
Data:,0.0
Data:,0.0
Data:,0.0
Data:,0.0
Data:,0.0
Data:,0.0
Data:,0.0
Data:,0.0
Data:,0.0
Data:,0.0
Data:,0.0
Data:,0.0
Data:,0.0
Data:,0.0
Data:,0.0
Data:,0.0
Data:,0.0
Data:,0.0
Data:,0.0
Data:,0.0
Data:,0.0
Data:,0.0
Data:,0.0
Data:,0.0
Data:,0.0
Data:,0.001
Data:,0.001
Data:,0.0
Data:,0.0
Data:,0.0
Data:,0.0
Data:,0.0
Data:,0.0
Data:,0.0
Data:,0.0
Data:,0.0
Data:,0.0
Data:,0.0
Data:,0.0
Data:,0.0
Data:,0.0
Data:,0.0
Data:,0.0
Data:,0.0
Data:,0.0
Data:,0.0
Data:,0.0
Data:,0.0
Data:,0.0
Data:,0.0
Data:,0.0
Data:,0.0
Data:,0.0
Data:,0.0
Data:,0.0
Data:,0.0
Data:,0.0
Data:,0.0
Data:,0.0
Data:,0.0
Data:,0.0
Data:,0.0
Data:,0.0
Data:,0.0
Data:,0.0
Data:,0.0
Data:,0.0
Data:,0.0
Data:,0.0
Data:,0.0
Data:,0.0
Data:,0.0
Data:,0.0
Data:,0.0
Data:,0.0
Data:,0.0
Data:,0.0
Data:,0.0
Data:,0.0
Data:,0.0
Data:,0.0
Data:,0.0
Data:,0.0
Data:,0.0
Data:,0.0
Data:,0.001
Data:,0.001
Data:,0.0
Data:,0.0
Data:,0.0
Data:,0.0
Data:,0.0
Data:,0.0
Data:,0.0
Data:,0.0
Data:,0.0
Data:,0.0
Data:,0.0
Data:,0.0
Data:,0.0
Data:,0.0
Data:,0.0
Data:,0.0
Data:,0.0
Data:,0.0
Data:,0.003
Data:,0.003
Data:,0.0
Data:,0.0
Data:,0.0
Data:,0.0
Data:,0.0
Data:,0.0
Data:,0.0
Data:,0.0
Data:,0.0
Data:,0.0
Data:,0.0
Data:,0.0
Data:,0.0
Data:,0.0
Data:,0.0
Data:,0.0
Data:,0.0
Data:,0.0
Data:,0.0
Data:,0.0
Data:,0.0
Data:,0.0
Data:,0.0
Data:,0.0
Data:,0.0
Data:,0.0
Data:,0.0
Data:,0.0
Data:,0.0
Data:,0.0
Data:,0.0
Data:,0.0
Data:,0.0
Data:,0.0
Data:,0.0
Data:,0.0
Data:,0.0
Data:,0.0
Data:,0.0
Data:,0.0
Data:,0.0
Data:,0.0
Data:,0.0
Data:,0.0
Data:,0.0
Data:,0.0
Data:,0.001
Data:,0.001
Data:,0.0
Data:,0.0
Data:,0.0
Data:,0.0
Data:,0.0
Data:,0.0
Data:,0.0
Data:,0.0
Data:,0.0
Data:,0.0
Data:,0.0
Data:,0.0
Data:,0.0
Data:,0.0
Data:,0.0
Data:,0.0
Data:,0.0
Data:,0.0
Data:,0.0
Data:,0.0
Data:,0.0
Data:,0.0
Data:,0.0
Data:,0.0
Data:,0.0
Data:,0.0
Data:,0.0
Data:,0.0
Data:,0.0
Data:,0.0
Data:,0.0
Data:,0.0
Data:,0.0
Data:,0.0
Data:,0.0
Data:,0.0
Data:,0.0
Data:,0.0
Data:,0.0
Data:,0.0
Data:,0.0
Data:,0.0
Data:,0.0
Data:,0.0
Data:,0.0
Data:,0.0
Data:,0.0
Data:,0.0
Data:,0.0
Data:,0.0
Data:,0.001
Data:,0.001
Data:,0.0
Data:,0.0
Data:,0.0
Data:,0.0
Data:,0.0
Data:,0.0
Data:,0.0
Data:,0.0
Data:,0.0
Data:,0.0
Data:,0.0
Data:,0.0
Data:,0.0
Data:,0.0
Data:,0.001
Data:,0.0
Data:,0.0
Data:,0.0
Data:,0.0
Data:,0.0
Data:,0.0
Data:,0.0
Data:,0.0
Data:,0.0
Data:,0.0
Data:,0.0
Data:,0.0
Data:,0.0
Data:,0.0
Data:,0.0
Data:,0.0
Data:,0.0
Data:,0.0
Data:,0.0
Data:,0.0
Data:,0.0
Data:,0.0
Data:,0.0
Data:,0.0
Data:,0.0
Data:,0.0
Data:,0.0
Data:,0.0
Data:,0.0
Data:,0.0
Data:,0.0
Data:,0.0
Data:,0.0
Data:,0.0
Data:,0.0
Data:,0.0
Data:,0.0
Data:,0.0
Data:,0.0
Data:,0.0
Data:,0.0
Data:,0.0
Data:,0.0
Data:,0.0
Data:,0.0
Data:,0.0
Data:,0.0
Data:,0.0
Data:,0.0
Data:,0.0
Data:,0.0
Data:,0.0
Data:,0.0
Data:,0.0
Data:,0.0
Data:,0.0
Data:,0.0
Data:,0.0
Data:,0.0
Data:,0.0
Data:,0.003
Data:,0.003
Data:,0.0
Data:,0.0
Data:,0.0
Data:,0.0
Data:,0.0
Data:,0.0
Data:,0.0
Data:,0.0
Data:,0.0
Data:,0.0
Data:,0.0
Data:,0.0
Data:,0.0
Data:,0.0
Data:,0.0
Data:,0.0
Data:,0.0
Data:,0.0
Data:,0.0
Data:,0.0
Data:,0.0
Data:,0.0
Data:,0.0
Data:,0.0
Data:,0.0
Data:,0.0
Data:,0.0
Data:,0.001
Data:,0.001
Data:,0.0
Data:,0.0
Data:,0.0
Data:,0.0
Data:,0.0
Data:,0.0
Data:,0.0
Data:,0.0
Data:,0.0
Data:,0.0
Data:,0.0
Data:,0.0
Data:,0.001
Data:,0.001
Data:,0.0
Data:,0.0
Data:,0.0
Data:,0.0
Data:,0.0
Data:,0.0
Data:,0.0
Data:,0.0
Data:,0.0
Data:,0.0
Data:,0.0
Data:,0.0
Data:,0.0
Data:,0.0
Data:,0.0
Data:,0.0
Data:,0.0
Data:,0.0
Data:,0.0
Data:,0.0
Data:,0.0
Data:,0.0
Data:,0.0
Data:,0.0
Data:,0.0
Data:,0.0
Data:,0.0
Data:,0.0
Data:,0.0
Data:,0.0
Data:,0.0
Data:,0.0
Data:,0.0
Data:,0.0
Data:,0.0
Data:,0.0
Data:,0.0
Data:,0.0
Data:,0.0
Data:,0.0
Data:,0.0
Data:,0.0
Data:,0.0
Data:,0.0
Data:,0.0
Data:,0.0
Data:,0.0
Data:,0.0
Data:,0.0
Data:,0.0
Data:,0.0
Data:,0.0
Data:,0.0
Data:,0.0
Data:,0.0
Data:,0.0
Data:,0.0
Data:,0.0
Data:,0.0
Data:,0.0
Data:,0.0
Data:,0.0
Data:,0.0
Data:,0.0
Data:,0.0
Data:,0.0
Data:,0.0
Data:,0.0
Data:,0.0
Data:,0.0
Data:,0.0
Data:,0.0
Data:,0.0
Data:,0.0
Data:,0.0
Data:,0.0
Data:,0.0
Data:,0.0
Data:,0.0
Data:,0.0
Data:,0.0
Data:,0.0
Data:,0.0
Data:,0.0
Data:,0.0
Data:,0.0
Data:,0.0
Data:,0.0
Data:,0.0
Data:,0.0
Data:,0.0
Data:,0.0
Data:,0.0
Data:,0.0
Data:,0.0
Data:,0.0
Data:,0.0
Data:,0.0
Data:,0.0
Data:,0.0
Data:,0.0
Data:,0.0
Data:,0.0
Data:,0.0
Data:,0.0
Data:,0.0
Data:,0.0
Data:,0.0
Data:,0.0
Data:,0.0
Data:,0.0
Data:,0.0
Data:,0.0
Data:,0.0
Data:,0.0
Data:,0.0
Data:,0.0
Data:,0.001
Data:,0.001
Data:,0.0
Data:,0.0
Data:,0.0
Data:,0.0
Data:,0.0
Data:,0.0
Data:,0.0
Data:,0.0
Data:,0.0
Data:,0.0
Data:,0.0
Data:,0.0
Data:,0.0
Data:,0.0
Data:,0.003
Data:,0.003
Data:,0.0
Data:,0.0
Data:,0.0
Data:,0.0
Data:,0.0
Data:,0.0
Data:,0.0
Data:,0.001
Data:,0.001
Data:,0.0
Data:,0.0
Data:,0.0
Data:,0.0
Data:,0.0
Data:,0.0
Data:,0.0
Data:,0.0
Data:,0.0
Data:,0.0
Data:,0.0
Data:,0.0
Data:,0.0
Data:,0.0
Data:,0.0
Data:,0.0
Data:,0.0
Data:,0.0
Data:,0.0
Data:,0.0
Data:,0.0
Data:,0.0
Data:,0.0
Data:,0.0
Data:,0.0
Data:,0.0
Data:,0.0
Data:,0.0
Data:,0.0
Data:,0.0
Data:,0.0
Data:,0.0
Data:,0.0
Data:,0.0
Data:,0.0
Data:,0.0
Data:,0.0
Data:,0.0
Data:,0.0
Data:,0.0
Data:,0.0
Data:,0.0
Data:,0.0
Data:,0.0
Data:,0.0
Data:,0.0
Data:,0.0
Data:,0.0
Data:,0.0
Data:,0.0
Data:,0.0
Data:,0.0
Data:,0.0
Data:,0.0
Data:,0.0
Data:,0.0
Data:,0.0
Data:,0.0
Data:,0.0
Data:,0.0
Data:,0.0
Data:,0.0
Data:,0.0
Data:,0.0
Data:,0.0
Data:,0.0
Data:,0.0
Data:,0.0
Data:,0.0
Data:,0.0
Data:,0.0
Data:,0.0
Data:,0.0
Data:,0.0
Data:,0.0
Data:,0.0
Data:,0.0
Data:,0.0
Data:,0.0
Data:,0.0
Data:,0.0
Data:,0.0
Data:,0.0
Data:,0.0
Data:,0.0
Data:,0.0
Data:,0.0
Data:,0.0
Data:,0.0
Data:,0.0
Data:,0.0
Data:,0.0
Data:,0.0
Data:,0.001
Data:,0.001
Data:,0.0
Data:,0.0
Data:,0.0
Data:,0.0
Data:,0.0
Data:,0.0
Data:,0.0
Data:,0.0
Data:,0.0
Data:,0.0
Data:,0.0
Data:,0.0
Data:,0.0
Data:,0.0
Data:,0.0
Data:,0.0
Data:,0.0
Data:,0.0
Data:,0.0
Data:,0.0
Data:,0.0
Data:,0.0
Data:,0.0
Data:,0.0
Data:,0.0
Data:,0.0
Data:,0.0
Data:,0.0
Data:,0.0
Data:,0.0
Data:,0.0
Data:,0.0
Data:,0.0
Data:,0.0
Data:,0.0
Data:,0.0
Data:,0.0
Data:,0.0
Data:,0.0
Data:,0.001
Data:,0.001
Data:,0.0
Data:,0.0
Data:,0.0
Data:,0.0
Data:,0.0
Data:,0.0
Data:,0.0
Data:,0.0
Data:,0.0
Data:,0.0
Data:,0.0
Data:,0.0
Data:,0.0
Data:,0.0
Data:,0.0
Data:,0.0
Data:,0.0
Data:,0.0
Data:,0.0
Data:,0.0
Data:,0.001
Data:,0.001
Data:,0.0
Data:,0.0
Data:,0.0
Data:,0.0
Data:,0.0
Data:,0.0
Data:,0.0
Data:,0.0
Data:,0.0
Data:,0.003
Data:,0.003
Data:,0.0
Data:,0.0
Data:,0.0
Data:,0.0
Data:,0.0
Data:,0.0
Data:,0.0
Data:,0.0
Data:,0.0
Data:,0.0
Data:,0.0
Data:,0.0
Data:,0.0
Data:,0.0
Data:,0.0
Data:,0.0
Data:,0.0
Data:,0.0
Data:,0.0
Data:,0.0
Data:,0.0
Data:,0.0
Data:,0.0
Data:,0.0
Data:,0.0
Data:,0.0
Data:,0.0
Data:,0.0
Data:,0.0
Data:,0.0
Data:,0.0
Data:,0.0
Data:,0.0
Data:,0.0
Data:,0.0
Data:,0.0
Data:,0.0
Data:,0.0
Data:,0.0
Data:,0.0
Data:,0.0
Data:,0.0
Data:,0.0
Data:,0.0
Data:,0.001
Data:,0.001
Data:,0.0
Data:,0.0
Data:,0.0
Data:,0.0
Data:,0.0
Data:,0.0
Data:,0.0
Data:,0.0
Data:,0.0
Data:,0.0
Data:,0.0
Data:,0.0
Data:,0.0
Data:,0.0
Data:,0.0
Data:,0.0
Data:,0.0
Data:,0.0
Data:,0.0
Data:,0.0
Data:,0.0
Data:,0.0
Data:,0.0
Data:,0.0
Data:,0.0
Data:,0.0
Data:,0.0
Data:,0.0
Data:,0.0
Data:,0.0
Data:,0.0
Data:,0.0
Data:,0.0
Data:,0.0
Data:,0.0
Data:,0.0
Data:,0.0
Data:,0.0
Data:,0.0
Data:,0.0
Data:,0.0
Data:,0.0
Data:,0.0
Data:,0.0
Data:,0.0
Data:,0.0
Data:,0.0
Data:,0.0
Data:,0.0
Data:,0.0
Data:,0.0
Data:,0.0
Data:,0.0
Data:,0.0
Data:,0.0
Data:,0.0
Data:,0.0
Data:,0.0
Data:,0.0
Data:,0.0
Data:,0.0
Data:,0.0
Data:,0.0
Data:,0.0
Data:,0.0
Data:,0.0
Data:,0.0
Data:,0.0
Data:,0.0
Data:,0.0
Data:,0.0
Data:,0.0
Data:,0.0
Data:,0.0
Data:,0.0
Data:,0.0
Data:,0.0
Data:,0.0
Data:,0.0
Data:,0.0
Data:,0.0
Data:,0.0
Data:,0.0
Data:,0.0
Data:,0.0
Data:,0.0
Data:,0.0
Data:,0.0
Data:,0.0
Data:,0.0
Data:,0.0
Data:,0.0
Data:,0.0
Data:,0.0
Data:,0.0
Data:,0.0
Data:,0.0
Data:,0.0
Data:,0.0
Data:,0.001
Data:,0.001
Data:,0.0
Data:,0.0
Data:,0.0
Data:,0.0
Data:,0.0
Data:,0.0
Data:,0.0
Data:,0.0
Data:,0.0
Data:,0.0
Data:,0.0
Data:,0.0
Data:,0.0
Data:,0.0
Data:,0.0
Data:,0.0
Data:,0.0
Data:,0.001
Data:,0.001
Data:,0.0
Data:,0.0
Data:,0.0
Data:,0.001
Data:,0.001
Data:,0.0
Data:,0.0
Data:,0.0
Data:,0.0
Data:,0.003
Data:,0.003
Data:,0.0
Data:,0.0
Data:,0.0
Data:,0.0
Data:,0.0
Data:,0.0
Data:,0.0
Data:,0.0
Data:,0.0
Data:,0.0
Data:,0.0
Data:,0.0
Data:,0.0
Data:,0.0
Data:,0.0
Data:,0.0
Data:,0.0
Data:,0.0
Data:,0.0
Data:,0.0
Data:,0.0
Data:,0.0
Data:,0.0
Data:,0.0
Data:,0.0
Data:,0.0
Data:,0.0
Data:,0.0
Data:,0.0
Data:,0.0
Data:,0.0
Data:,0.0
Data:,0.0
Data:,0.0
Data:,0.0
Data:,0.0
Data:,0.0
Data:,0.0
Data:,0.0
Data:,0.0
Data:,0.0
Data:,0.0
Data:,0.0
Data:,0.0
Data:,0.0
Data:,0.0
Data:,0.0
Data:,0.0
Data:,0.0
Data:,0.0
Data:,0.0
Data:,0.0
Data:,0.0
Data:,0.0
Data:,0.0
Data:,0.0
Data:,0.0
Data:,0.0
Data:,0.0
Data:,0.0
Data:,0.0
Data:,0.0
Data:,0.0
Data:,0.0
Data:,0.0
Data:,0.0
Data:,0.0
Data:,0.0
Data:,0.0
Data:,0.0
Data:,0.0
Data:,0.0
Data:,0.0
Data:,0.0
Data:,0.0
Data:,0.0
Data:,0.0
Data:,0.0
Data:,0.0
Data:,0.0
Data:,0.0
Data:,0.0
Data:,0.0
Data:,0.0
Data:,0.0
Data:,0.0
Data:,0.0
Data:,0.0
Data:,0.0
Data:,0.0
Data:,0.0
Data:,0.0
Data:,0.0
Data:,0.0
Data:,0.0
Data:,0.0
Data:,0.0
Data:,0.0
Data:,0.001
Data:,0.001
Data:,0.0
Data:,0.0
Data:,0.0
Data:,0.0
Data:,0.0
Data:,0.0
Data:,0.001
Data:,0.001
Data:,0.001
Data:,0.0
Data:,0.001
Data:,0.001
Data:,0.001
Data:,0.0
Data:,0.0
Data:,0.001
Data:,0.001
Data:,0.0
Data:,0.0
Data:,0.0
Data:,0.0
Data:,0.0
Data:,0.0
Data:,0.0
Data:,0.0
Data:,0.0
Data:,0.001
Data:,0.001
Data:,0.0
Data:,0.0
Data:,0.0
Data:,0.0
Data:,0.0
Data:,0.0
Data:,0.0
Data:,0.0
Data:,0.0
Data:,0.0
Data:,0.0
Data:,0.0
Data:,0.0
Data:,0.0
Data:,0.0
Data:,0.0
Data:,0.0
Data:,0.0
Data:,0.0
Data:,0.0
Data:,0.0
Data:,0.0
Data:,0.0
Data:,0.0
Data:,0.0
Data:,0.0
Data:,0.0
Data:,0.0
Data:,0.0
Data:,0.0
Data:,0.0
Data:,0.0
Data:,0.0
Data:,0.0
Data:,0.0
Data:,0.0
Data:,0.0
Data:,0.002
Data:,0.006
Data:,0.005
Data:,0.002
Data:,0.002
Data:,0.001
Data:,0.0
Data:,0.0
Data:,0.0
Data:,0.0
Data:,0.0
